case,subcase_id,method,metric,estimate,lower,upper,n_available,n_expected,n_read,n_missing,n_oom,n_timeout,n_unknown_missing,n_sim_fail,n_fit_fail,n_pred_fail,n_gp_fail,n_k_fail,n_ci_fail,prop_oom,prop_timeout,prop_unknown_missing,prop_sim_fail,prop_fit_fail,prop_pred_fail,prop_gp_fail,prop_k_fail,prop_ci_fail,mean_time_total,mean_time_fit,max_time_total,max_time_fit,n_clusters,n_obs_per_cluster,subcase_label,prop_metric_missing,show_metric,method_label,reference_type,reference_label
sitar,1,Oracle-SITAR,RMISE,3.4006624363701143,3.270391037786178,3.526124284855157,100,100,100,0,0,0,0,0,0,0,0,100,0,0,0,0,0,0,0,0,1,0,3.6850193333333325,2.043738166666668,4.1517833333333325,2.3745499999999993,50,2,"d=50, n_i=2",0,TRUE,Individual oracle bound,individual_oracle,Individual oracle bound
sitar,5,Oracle-SITAR,RMISE,3.463687475334531,3.377270539029663,3.5480002198112786,100,100,100,0,0,0,0,0,0,0,0,100,0,0,0,0,0,0,0,0,1,0,6.908833333333335,3.9560445000000013,7.582716666666666,4.348516666666668,100,2,"d=100, n_i=2",0,TRUE,Individual oracle bound,individual_oracle,Individual oracle bound
sitar,9,Oracle-SITAR,RMISE,3.4286208142692343,3.372361110798256,3.4839721460505397,100,100,100,0,0,0,0,0,0,0,0,100,0,0,0,0,0,0,0,0,1,0,13.389765166666667,7.812804333333333,16.2443,10.254566666666667,200,2,"d=200, n_i=2",0,TRUE,Individual oracle bound,individual_oracle,Individual oracle bound
sitar,13,Oracle-SITAR,RMISE,3.4739005573722066,3.4134748273242006,3.5332930487359624,100,100,100,0,0,0,0,0,0,0,0,100,0,0,0,0,0,0,0,0,1,0,20.381702833333335,11.973663666666665,23.632783333333336,14.594366666666668,300,2,"d=300, n_i=2",0,TRUE,Individual oracle bound,individual_oracle,Individual oracle bound
sitar,17,Oracle-SITAR,RMISE,3.4085183703850936,3.3672872702218797,3.4492566448884303,100,100,100,0,0,0,0,0,0,0,0,100,0,0,0,0,0,0,0,0,1,0,26.9219555,15.747548833333333,28.97563333333331,17.078150000000004,400,2,"d=400, n_i=2",0,TRUE,Individual oracle bound,individual_oracle,Individual oracle bound
sitar,21,Oracle-SITAR,RMISE,3.4147969137716836,3.3760127765330905,3.453145472941238,100,100,100,0,0,0,0,0,0,0,0,100,0,0,0,0,0,0,0,0,1,0,36.58623133333334,22.0501435,65.38945,47.799166666666665,500,2,"d=500, n_i=2",0,TRUE,Individual oracle bound,individual_oracle,Individual oracle bound
sitar,2,Oracle-SITAR,RMISE,1.4716124333357372,1.441645763609779,1.5009809459692138,100,100,100,0,0,0,0,0,0,0,0,100,0,0,0,0,0,0,0,0,1,0,3.5812524999999993,1.9651741666666664,3.8540999999999865,2.146483333333314,50,3,"d=50, n_i=3",0,TRUE,Individual oracle bound,individual_oracle,Individual oracle bound
sitar,6,Oracle-SITAR,RMISE,1.4782614394475935,1.4565423594528397,1.499666003427062,100,100,100,0,0,0,0,0,0,0,0,100,0,0,0,0,0,0,0,0,1,0,6.896993500000001,3.926989500000001,7.225883333333334,4.105216666666668,100,3,"d=100, n_i=3",0,TRUE,Individual oracle bound,individual_oracle,Individual oracle bound
sitar,10,Oracle-SITAR,RMISE,1.4676395334941077,1.454005290834094,1.4811482757563692,100,100,100,0,0,0,0,0,0,0,0,100,0,0,0,0,0,0,0,0,1,0,13.337584,7.7240294999999985,14.366466666666671,8.385233333333334,200,3,"d=200, n_i=3",0,TRUE,Individual oracle bound,individual_oracle,Individual oracle bound
sitar,14,Oracle-SITAR,RMISE,1.466817486562166,1.4549095432058279,1.4786295340137465,100,100,100,0,0,0,0,0,0,0,0,100,0,0,0,0,0,0,0,0,1,0,20.621254666666665,12.154234666666667,53.396449999999994,38.2461,300,3,"d=300, n_i=3",0,TRUE,Individual oracle bound,individual_oracle,Individual oracle bound
sitar,18,Oracle-SITAR,RMISE,1.4603553135574232,1.4509981748583236,1.4696528774607336,100,100,100,0,0,0,0,0,0,0,0,100,0,0,0,0,0,0,0,0,1,0,28.635180000000002,16.993280833333333,82.68625,58.04465,400,3,"d=400, n_i=3",0,TRUE,Individual oracle bound,individual_oracle,Individual oracle bound
sitar,22,Oracle-SITAR,RMISE,1.4654940228684983,1.4557967638478022,1.47512753499379,100,100,100,0,0,0,0,0,0,0,0,100,0,0,0,0,0,0,0,0,1,0,38.534512,23.373851333333334,114.33711666666666,76.1773,500,3,"d=500, n_i=3",0,TRUE,Individual oracle bound,individual_oracle,Individual oracle bound
sitar,3,Oracle-SITAR,RMISE,0.9906900499150835,0.9795746666345044,1.0016820965203486,100,100,100,0,0,0,0,0,0,0,0,100,0,0,0,0,0,0,0,0,1,0,3.715306833333333,2.0797773333333334,4.170749999999998,2.367750000000001,50,5,"d=50, n_i=5",0,TRUE,Individual oracle bound,individual_oracle,Individual oracle bound
sitar,7,Oracle-SITAR,RMISE,0.9848155554264632,0.9752034256804323,0.9943347700654019,100,100,100,0,0,0,0,0,0,0,0,100,0,0,0,0,0,0,0,0,1,0,7.121728333333333,4.077214833333334,7.337283333333334,4.195599999999998,100,5,"d=100, n_i=5",0,TRUE,Individual oracle bound,individual_oracle,Individual oracle bound
sitar,11,Oracle-SITAR,RMISE,0.9829960050302057,0.9771406378016637,0.9888166997817371,100,100,100,0,0,0,0,0,0,0,0,100,0,0,0,0,0,0,0,0,1,0,14.124889833333334,8.342670666666667,26.348883333333333,19.0938,200,5,"d=200, n_i=5",0,TRUE,Individual oracle bound,individual_oracle,Individual oracle bound
sitar,15,Oracle-SITAR,RMISE,0.980172379211093,0.9755456522432487,0.9847773689143978,100,100,100,0,0,0,0,0,0,0,0,100,0,0,0,0,0,0,0,0,1,0,20.830209666666665,12.439127833333334,48.491933333333336,33.608200000000004,300,5,"d=300, n_i=5",0,TRUE,Individual oracle bound,individual_oracle,Individual oracle bound
sitar,19,Oracle-SITAR,RMISE,0.9800398044770158,0.9759553511791282,0.9841073057464409,100,100,100,0,0,0,0,0,0,0,0,100,0,0,0,0,0,0,0,0,1,0,27.332534000000003,16.201800833333333,34.7047,21.37503333333333,400,5,"d=400, n_i=5",0,TRUE,Individual oracle bound,individual_oracle,Individual oracle bound
sitar,23,Oracle-SITAR,RMISE,0.9796897270597733,0.9757596873927564,0.9836040641803471,100,100,100,0,0,0,0,0,0,0,0,100,0,0,0,0,0,0,0,0,1,0,36.94676333333334,22.499755833333335,119.21768333333333,82.50191666666667,500,5,"d=500, n_i=5",0,TRUE,Individual oracle bound,individual_oracle,Individual oracle bound
sitar,4,Oracle-SITAR,RMISE,0.7080545564056567,0.6992909021618531,0.7167110602239122,100,100,100,0,0,0,0,0,0,0,0,100,0,0,0,0,0,0,0,0,1,0,3.5918069999999993,2.0343463333333336,3.930499999999999,2.258583333333324,50,10,"d=50, n_i=10",0,TRUE,Individual oracle bound,individual_oracle,Individual oracle bound
sitar,8,Oracle-SITAR,RMISE,0.7009173853646121,0.6948231707001556,0.7069590678893021,100,100,100,0,0,0,0,0,0,0,0,100,0,0,0,0,0,0,0,0,1,0,7.127670166666666,4.147766833333333,7.4761,4.299016666666671,100,10,"d=100, n_i=10",0,TRUE,Individual oracle bound,individual_oracle,Individual oracle bound
sitar,12,Oracle-SITAR,RMISE,0.6998123931873617,0.6956753715494838,0.7039251016526776,100,100,100,0,0,0,0,0,0,0,0,100,0,0,0,0,0,0,0,0,1,0,14.066798833333333,8.368631666666666,16.9132,10.161183333333334,200,10,"d=200, n_i=10",0,TRUE,Individual oracle bound,individual_oracle,Individual oracle bound
sitar,16,Oracle-SITAR,RMISE,0.69934290451642,0.6960971457517912,0.7025736686434633,100,100,100,0,0,0,0,0,0,0,0,100,0,0,0,0,0,0,0,0,1,0,21.057115833333334,12.6830325,30.3068,20.355616666666666,300,10,"d=300, n_i=10",0,TRUE,Individual oracle bound,individual_oracle,Individual oracle bound
sitar,20,Oracle-SITAR,RMISE,0.7009748118034501,0.6976604563931769,0.7042735698228556,100,100,100,0,0,0,0,0,0,0,0,100,0,0,0,0,0,0,0,0,1,0,28.291682666666667,16.943771666666667,30.65745,19.290433333333336,400,10,"d=400, n_i=10",0,TRUE,Individual oracle bound,individual_oracle,Individual oracle bound
sitar,24,Oracle-SITAR,RMISE,0.6997233898448547,0.6970930018795363,0.7023439266645123,100,100,100,0,0,0,0,0,0,0,0,100,0,0,0,0,0,0,0,0,1,0,35.64804,21.553238,45.73448333333334,28.496550000000003,500,10,"d=500, n_i=10",0,TRUE,Individual oracle bound,individual_oracle,Individual oracle bound
sitar,1,Oracle-SITAR,ci_width,2.9809873996029363,2.9513544583155724,3.0106203408903003,100,100,100,0,0,0,0,0,0,0,0,100,0,0,0,0,0,0,0,0,1,0,3.6850193333333325,2.043738166666668,4.1517833333333325,2.3745499999999993,50,2,"d=50, n_i=2",0,TRUE,Individual oracle bound,individual_oracle,Individual oracle bound
sitar,5,Oracle-SITAR,ci_width,2.995389014838759,2.9750667238864277,3.0157113057910903,100,100,100,0,0,0,0,0,0,0,0,100,0,0,0,0,0,0,0,0,1,0,6.908833333333335,3.9560445000000013,7.582716666666666,4.348516666666668,100,2,"d=100, n_i=2",0,TRUE,Individual oracle bound,individual_oracle,Individual oracle bound
sitar,9,Oracle-SITAR,ci_width,2.9849599357760717,2.9706787394500527,2.9992411321020906,100,100,100,0,0,0,0,0,0,0,0,100,0,0,0,0,0,0,0,0,1,0,13.389765166666667,7.812804333333333,16.2443,10.254566666666667,200,2,"d=200, n_i=2",0,TRUE,Individual oracle bound,individual_oracle,Individual oracle bound
sitar,13,Oracle-SITAR,ci_width,2.992919487689954,2.9783578889232123,3.0074810864566954,100,100,100,0,0,0,0,0,0,0,0,100,0,0,0,0,0,0,0,0,1,0,20.381702833333335,11.973663666666665,23.632783333333336,14.594366666666668,300,2,"d=300, n_i=2",0,TRUE,Individual oracle bound,individual_oracle,Individual oracle bound
sitar,17,Oracle-SITAR,ci_width,2.9976662472912494,2.987733133098356,3.007599361484143,100,100,100,0,0,0,0,0,0,0,0,100,0,0,0,0,0,0,0,0,1,0,26.9219555,15.747548833333333,28.97563333333331,17.078150000000004,400,2,"d=400, n_i=2",0,TRUE,Individual oracle bound,individual_oracle,Individual oracle bound
sitar,21,Oracle-SITAR,ci_width,2.990491433038949,2.981330376323314,2.999652489754584,100,100,100,0,0,0,0,0,0,0,0,100,0,0,0,0,0,0,0,0,1,0,36.58623133333334,22.0501435,65.38945,47.799166666666665,500,2,"d=500, n_i=2",0,TRUE,Individual oracle bound,individual_oracle,Individual oracle bound
sitar,2,Oracle-SITAR,ci_width,1.707103583804564,1.699592099944537,1.714615067664591,100,100,100,0,0,0,0,0,0,0,0,100,0,0,0,0,0,0,0,0,1,0,3.5812524999999993,1.9651741666666664,3.8540999999999865,2.146483333333314,50,3,"d=50, n_i=3",0,TRUE,Individual oracle bound,individual_oracle,Individual oracle bound
sitar,6,Oracle-SITAR,ci_width,1.7024642949921243,1.6965717457613787,1.7083568442228698,100,100,100,0,0,0,0,0,0,0,0,100,0,0,0,0,0,0,0,0,1,0,6.896993500000001,3.926989500000001,7.225883333333334,4.105216666666668,100,3,"d=100, n_i=3",0,TRUE,Individual oracle bound,individual_oracle,Individual oracle bound
sitar,10,Oracle-SITAR,ci_width,1.7071421724004665,1.7035096990963086,1.7107746457046245,100,100,100,0,0,0,0,0,0,0,0,100,0,0,0,0,0,0,0,0,1,0,13.337584,7.7240294999999985,14.366466666666671,8.385233333333334,200,3,"d=200, n_i=3",0,TRUE,Individual oracle bound,individual_oracle,Individual oracle bound
sitar,14,Oracle-SITAR,ci_width,1.7039763956308231,1.7005022894627781,1.7074505017988681,100,100,100,0,0,0,0,0,0,0,0,100,0,0,0,0,0,0,0,0,1,0,20.621254666666665,12.154234666666667,53.396449999999994,38.2461,300,3,"d=300, n_i=3",0,TRUE,Individual oracle bound,individual_oracle,Individual oracle bound
sitar,18,Oracle-SITAR,ci_width,1.7031308135711158,1.7004384849173277,1.705823142224904,100,100,100,0,0,0,0,0,0,0,0,100,0,0,0,0,0,0,0,0,1,0,28.635180000000002,16.993280833333333,82.68625,58.04465,400,3,"d=400, n_i=3",0,TRUE,Individual oracle bound,individual_oracle,Individual oracle bound
sitar,22,Oracle-SITAR,ci_width,1.704553448170945,1.7020709019557478,1.7070359943861422,100,100,100,0,0,0,0,0,0,0,0,100,0,0,0,0,0,0,0,0,1,0,38.534512,23.373851333333334,114.33711666666666,76.1773,500,3,"d=500, n_i=3",0,TRUE,Individual oracle bound,individual_oracle,Individual oracle bound
sitar,3,Oracle-SITAR,ci_width,1.1952762604858607,1.1946629919872191,1.1958895289845022,100,100,100,0,0,0,0,0,0,0,0,100,0,0,0,0,0,0,0,0,1,0,3.715306833333333,2.0797773333333334,4.170749999999998,2.367750000000001,50,5,"d=50, n_i=5",0,TRUE,Individual oracle bound,individual_oracle,Individual oracle bound
sitar,7,Oracle-SITAR,ci_width,1.1951509539914935,1.1946860582674073,1.1956158497155798,100,100,100,0,0,0,0,0,0,0,0,100,0,0,0,0,0,0,0,0,1,0,7.121728333333333,4.077214833333334,7.337283333333334,4.195599999999998,100,5,"d=100, n_i=5",0,TRUE,Individual oracle bound,individual_oracle,Individual oracle bound
sitar,11,Oracle-SITAR,ci_width,1.1951333359924947,1.194823327425025,1.1954433445599644,100,100,100,0,0,0,0,0,0,0,0,100,0,0,0,0,0,0,0,0,1,0,14.124889833333334,8.342670666666667,26.348883333333333,19.0938,200,5,"d=200, n_i=5",0,TRUE,Individual oracle bound,individual_oracle,Individual oracle bound
sitar,15,Oracle-SITAR,ci_width,1.195040958240669,1.1947962533596113,1.1952856631217266,100,100,100,0,0,0,0,0,0,0,0,100,0,0,0,0,0,0,0,0,1,0,20.830209666666665,12.439127833333334,48.491933333333336,33.608200000000004,300,5,"d=300, n_i=5",0,TRUE,Individual oracle bound,individual_oracle,Individual oracle bound
sitar,19,Oracle-SITAR,ci_width,1.1950617954734284,1.1948508791195187,1.195272711827338,100,100,100,0,0,0,0,0,0,0,0,100,0,0,0,0,0,0,0,0,1,0,27.332534000000003,16.201800833333333,34.7047,21.37503333333333,400,5,"d=400, n_i=5",0,TRUE,Individual oracle bound,individual_oracle,Individual oracle bound
sitar,23,Oracle-SITAR,ci_width,1.1950767288540687,1.1948898758121853,1.195263581895952,100,100,100,0,0,0,0,0,0,0,0,100,0,0,0,0,0,0,0,0,1,0,36.94676333333334,22.499755833333335,119.21768333333333,82.50191666666667,500,5,"d=500, n_i=5",0,TRUE,Individual oracle bound,individual_oracle,Individual oracle bound
sitar,4,Oracle-SITAR,ci_width,0.8564503449493985,0.8561905021660815,0.8567101877327156,100,100,100,0,0,0,0,0,0,0,0,100,0,0,0,0,0,0,0,0,1,0,3.5918069999999993,2.0343463333333336,3.930499999999999,2.258583333333324,50,10,"d=50, n_i=10",0,TRUE,Individual oracle bound,individual_oracle,Individual oracle bound
sitar,8,Oracle-SITAR,ci_width,0.8564714305616372,0.8563004198859576,0.8566424412373168,100,100,100,0,0,0,0,0,0,0,0,100,0,0,0,0,0,0,0,0,1,0,7.127670166666666,4.147766833333333,7.4761,4.299016666666671,100,10,"d=100, n_i=10",0,TRUE,Individual oracle bound,individual_oracle,Individual oracle bound
sitar,12,Oracle-SITAR,ci_width,0.8563701132016224,0.8562428392121352,0.8564973871911096,100,100,100,0,0,0,0,0,0,0,0,100,0,0,0,0,0,0,0,0,1,0,14.066798833333333,8.368631666666666,16.9132,10.161183333333334,200,10,"d=200, n_i=10",0,TRUE,Individual oracle bound,individual_oracle,Individual oracle bound
sitar,16,Oracle-SITAR,ci_width,0.8563909332449606,0.8562938253636407,0.8564880411262805,100,100,100,0,0,0,0,0,0,0,0,100,0,0,0,0,0,0,0,0,1,0,21.057115833333334,12.6830325,30.3068,20.355616666666666,300,10,"d=300, n_i=10",0,TRUE,Individual oracle bound,individual_oracle,Individual oracle bound
sitar,20,Oracle-SITAR,ci_width,0.8564207004160092,0.8563281524784048,0.8565132483536135,100,100,100,0,0,0,0,0,0,0,0,100,0,0,0,0,0,0,0,0,1,0,28.291682666666667,16.943771666666667,30.65745,19.290433333333336,400,10,"d=400, n_i=10",0,TRUE,Individual oracle bound,individual_oracle,Individual oracle bound
sitar,24,Oracle-SITAR,ci_width,0.8564279738502222,0.8563616638228331,0.8564942838776113,100,100,100,0,0,0,0,0,0,0,0,100,0,0,0,0,0,0,0,0,1,0,35.64804,21.553238,45.73448333333334,28.496550000000003,500,10,"d=500, n_i=10",0,TRUE,Individual oracle bound,individual_oracle,Individual oracle bound
sitar,1,Oracle-SITAR,coverage,0.943196,0.9398333811739592,0.9465586188260409,100,100,100,0,0,0,0,0,0,0,0,100,0,0,0,0,0,0,0,0,1,0,3.6850193333333325,2.043738166666668,4.1517833333333325,2.3745499999999993,50,2,"d=50, n_i=2",0,TRUE,Individual oracle bound,individual_oracle,Individual oracle bound
sitar,5,Oracle-SITAR,coverage,0.940131,0.9377060219966349,0.9425559780033652,100,100,100,0,0,0,0,0,0,0,0,100,0,0,0,0,0,0,0,0,1,0,6.908833333333335,3.9560445000000013,7.582716666666666,4.348516666666668,100,2,"d=100, n_i=2",0,TRUE,Individual oracle bound,individual_oracle,Individual oracle bound
sitar,9,Oracle-SITAR,coverage,0.942695,0.9408063165147907,0.9445836834852092,100,100,100,0,0,0,0,0,0,0,0,100,0,0,0,0,0,0,0,0,1,0,13.389765166666667,7.812804333333333,16.2443,10.254566666666667,200,2,"d=200, n_i=2",0,TRUE,Individual oracle bound,individual_oracle,Individual oracle bound
sitar,13,Oracle-SITAR,coverage,0.9414716666666667,0.9397777716474207,0.9431655616859127,100,100,100,0,0,0,0,0,0,0,0,100,0,0,0,0,0,0,0,0,1,0,20.381702833333335,11.973663666666665,23.632783333333336,14.594366666666668,300,2,"d=300, n_i=2",0,TRUE,Individual oracle bound,individual_oracle,Individual oracle bound
sitar,17,Oracle-SITAR,coverage,0.942647,0.9412539609904639,0.9440400390095361,100,100,100,0,0,0,0,0,0,0,0,100,0,0,0,0,0,0,0,0,1,0,26.9219555,15.747548833333333,28.97563333333331,17.078150000000004,400,2,"d=400, n_i=2",0,TRUE,Individual oracle bound,individual_oracle,Individual oracle bound
sitar,21,Oracle-SITAR,coverage,0.9422076,0.9410441259042811,0.943371074095719,100,100,100,0,0,0,0,0,0,0,0,100,0,0,0,0,0,0,0,0,1,0,36.58623133333334,22.0501435,65.38945,47.799166666666665,500,2,"d=500, n_i=2",0,TRUE,Individual oracle bound,individual_oracle,Individual oracle bound
sitar,2,Oracle-SITAR,coverage,0.950136,0.9469437155016087,0.9533282844983912,100,100,100,0,0,0,0,0,0,0,0,100,0,0,0,0,0,0,0,0,1,0,3.5812524999999993,1.9651741666666664,3.8540999999999865,2.146483333333314,50,3,"d=50, n_i=3",0,TRUE,Individual oracle bound,individual_oracle,Individual oracle bound
sitar,6,Oracle-SITAR,coverage,0.947955,0.9456263426649457,0.9502836573350543,100,100,100,0,0,0,0,0,0,0,0,100,0,0,0,0,0,0,0,0,1,0,6.896993500000001,3.926989500000001,7.225883333333334,4.105216666666668,100,3,"d=100, n_i=3",0,TRUE,Individual oracle bound,individual_oracle,Individual oracle bound
sitar,10,Oracle-SITAR,coverage,0.9499445,0.9484147392322375,0.9514742607677624,100,100,100,0,0,0,0,0,0,0,0,100,0,0,0,0,0,0,0,0,1,0,13.337584,7.7240294999999985,14.366466666666671,8.385233333333334,200,3,"d=200, n_i=3",0,TRUE,Individual oracle bound,individual_oracle,Individual oracle bound
sitar,14,Oracle-SITAR,coverage,0.950387,0.9491059906754323,0.9516680093245676,100,100,100,0,0,0,0,0,0,0,0,100,0,0,0,0,0,0,0,0,1,0,20.621254666666665,12.154234666666667,53.396449999999994,38.2461,300,3,"d=300, n_i=3",0,TRUE,Individual oracle bound,individual_oracle,Individual oracle bound
sitar,18,Oracle-SITAR,coverage,0.949958,0.9486230763461561,0.9512929236538439,100,100,100,0,0,0,0,0,0,0,0,100,0,0,0,0,0,0,0,0,1,0,28.635180000000002,16.993280833333333,82.68625,58.04465,400,3,"d=400, n_i=3",0,TRUE,Individual oracle bound,individual_oracle,Individual oracle bound
sitar,22,Oracle-SITAR,coverage,0.949643,0.9484602709430044,0.9508257290569956,100,100,100,0,0,0,0,0,0,0,0,100,0,0,0,0,0,0,0,0,1,0,38.534512,23.373851333333334,114.33711666666666,76.1773,500,3,"d=500, n_i=3",0,TRUE,Individual oracle bound,individual_oracle,Individual oracle bound
sitar,3,Oracle-SITAR,coverage,0.947942,0.9446130401426689,0.951270959857331,100,100,100,0,0,0,0,0,0,0,0,100,0,0,0,0,0,0,0,0,1,0,3.715306833333333,2.0797773333333334,4.170749999999998,2.367750000000001,50,5,"d=50, n_i=5",0,TRUE,Individual oracle bound,individual_oracle,Individual oracle bound
sitar,7,Oracle-SITAR,coverage,0.948098,0.9455320761189018,0.9506639238810982,100,100,100,0,0,0,0,0,0,0,0,100,0,0,0,0,0,0,0,0,1,0,7.121728333333333,4.077214833333334,7.337283333333334,4.195599999999998,100,5,"d=100, n_i=5",0,TRUE,Individual oracle bound,individual_oracle,Individual oracle bound
sitar,11,Oracle-SITAR,coverage,0.9491735,0.9474239165860611,0.9509230834139389,100,100,100,0,0,0,0,0,0,0,0,100,0,0,0,0,0,0,0,0,1,0,14.124889833333334,8.342670666666667,26.348883333333333,19.0938,200,5,"d=200, n_i=5",0,TRUE,Individual oracle bound,individual_oracle,Individual oracle bound
sitar,15,Oracle-SITAR,coverage,0.9502133333333334,0.9487478780639799,0.9516787886026868,100,100,100,0,0,0,0,0,0,0,0,100,0,0,0,0,0,0,0,0,1,0,20.830209666666665,12.439127833333334,48.491933333333336,33.608200000000004,300,5,"d=300, n_i=5",0,TRUE,Individual oracle bound,individual_oracle,Individual oracle bound
sitar,19,Oracle-SITAR,coverage,0.949762,0.9486562733957478,0.9508677266042522,100,100,100,0,0,0,0,0,0,0,0,100,0,0,0,0,0,0,0,0,1,0,27.332534000000003,16.201800833333333,34.7047,21.37503333333333,400,5,"d=400, n_i=5",0,TRUE,Individual oracle bound,individual_oracle,Individual oracle bound
sitar,23,Oracle-SITAR,coverage,0.9496668,0.9485951167483201,0.95073848325168,100,100,100,0,0,0,0,0,0,0,0,100,0,0,0,0,0,0,0,0,1,0,36.94676333333334,22.499755833333335,119.21768333333333,82.50191666666667,500,5,"d=500, n_i=5",0,TRUE,Individual oracle bound,individual_oracle,Individual oracle bound
sitar,4,Oracle-SITAR,coverage,0.946952,0.9437277219227042,0.9501762780772959,100,100,100,0,0,0,0,0,0,0,0,100,0,0,0,0,0,0,0,0,1,0,3.5918069999999993,2.0343463333333336,3.930499999999999,2.258583333333324,50,10,"d=50, n_i=10",0,TRUE,Individual oracle bound,individual_oracle,Individual oracle bound
sitar,8,Oracle-SITAR,coverage,0.949433,0.9469385768025739,0.9519274231974261,100,100,100,0,0,0,0,0,0,0,0,100,0,0,0,0,0,0,0,0,1,0,7.127670166666666,4.147766833333333,7.4761,4.299016666666671,100,10,"d=100, n_i=10",0,TRUE,Individual oracle bound,individual_oracle,Individual oracle bound
sitar,12,Oracle-SITAR,coverage,0.9503505,0.948727791390092,0.951973208609908,100,100,100,0,0,0,0,0,0,0,0,100,0,0,0,0,0,0,0,0,1,0,14.066798833333333,8.368631666666666,16.9132,10.161183333333334,200,10,"d=200, n_i=10",0,TRUE,Individual oracle bound,individual_oracle,Individual oracle bound
sitar,16,Oracle-SITAR,coverage,0.950847,0.9496607885679416,0.9520332114320584,100,100,100,0,0,0,0,0,0,0,0,100,0,0,0,0,0,0,0,0,1,0,21.057115833333334,12.6830325,30.3068,20.355616666666666,300,10,"d=300, n_i=10",0,TRUE,Individual oracle bound,individual_oracle,Individual oracle bound
sitar,20,Oracle-SITAR,coverage,0.9499155,0.9487500972089327,0.9510809027910674,100,100,100,0,0,0,0,0,0,0,0,100,0,0,0,0,0,0,0,0,1,0,28.291682666666667,16.943771666666667,30.65745,19.290433333333336,400,10,"d=400, n_i=10",0,TRUE,Individual oracle bound,individual_oracle,Individual oracle bound
sitar,24,Oracle-SITAR,coverage,0.9505646,0.9495664872105045,0.9515627127894954,100,100,100,0,0,0,0,0,0,0,0,100,0,0,0,0,0,0,0,0,1,0,35.64804,21.553238,45.73448333333334,28.496550000000003,500,10,"d=500, n_i=10",0,TRUE,Individual oracle bound,individual_oracle,Individual oracle bound
sitar,1,Population-oracle,rmw2,1.266128368169974,1.1654349761019265,1.3593834653429564,100,100,NA,NA,NA,NA,NA,NA,NA,NA,NA,NA,NA,NA,NA,NA,NA,NA,NA,NA,NA,NA,NA,NA,NA,NA,50,2,"d=50, n_i=2",0,TRUE,Population oracle bound,population_oracle,Population oracle bound
sitar,5,Population-oracle,rmw2,0.8371362819971645,0.7648982333459255,0.9036177299590542,100,100,NA,NA,NA,NA,NA,NA,NA,NA,NA,NA,NA,NA,NA,NA,NA,NA,NA,NA,NA,NA,NA,NA,NA,NA,100,2,"d=100, n_i=2",0,TRUE,Population oracle bound,population_oracle,Population oracle bound
sitar,9,Population-oracle,rmw2,0.6268728603728922,0.5747682961795839,0.6749670894577019,100,100,NA,NA,NA,NA,NA,NA,NA,NA,NA,NA,NA,NA,NA,NA,NA,NA,NA,NA,NA,NA,NA,NA,NA,NA,200,2,"d=200, n_i=2",0,TRUE,Population oracle bound,population_oracle,Population oracle bound
sitar,13,Population-oracle,rmw2,0.4916204679387404,0.4496307365241349,0.530295738023017,100,100,NA,NA,NA,NA,NA,NA,NA,NA,NA,NA,NA,NA,NA,NA,NA,NA,NA,NA,NA,NA,NA,NA,NA,NA,300,2,"d=300, n_i=2",0,TRUE,Population oracle bound,population_oracle,Population oracle bound
sitar,17,Population-oracle,rmw2,0.4206373384510251,0.3874325355322702,0.4514062155191935,100,100,NA,NA,NA,NA,NA,NA,NA,NA,NA,NA,NA,NA,NA,NA,NA,NA,NA,NA,NA,NA,NA,NA,NA,NA,400,2,"d=400, n_i=2",0,TRUE,Population oracle bound,population_oracle,Population oracle bound
sitar,21,Population-oracle,rmw2,0.39555297918581145,0.3585276569190937,0.4293975289980679,100,100,NA,NA,NA,NA,NA,NA,NA,NA,NA,NA,NA,NA,NA,NA,NA,NA,NA,NA,NA,NA,NA,NA,NA,NA,500,2,"d=500, n_i=2",0,TRUE,Population oracle bound,population_oracle,Population oracle bound
sitar,2,Population-oracle,rmw2,1.266128368169974,1.1654349761019265,1.3593834653429564,100,100,NA,NA,NA,NA,NA,NA,NA,NA,NA,NA,NA,NA,NA,NA,NA,NA,NA,NA,NA,NA,NA,NA,NA,NA,50,3,"d=50, n_i=3",0,TRUE,Population oracle bound,population_oracle,Population oracle bound
sitar,6,Population-oracle,rmw2,0.8371362819971645,0.7648982333459255,0.9036177299590542,100,100,NA,NA,NA,NA,NA,NA,NA,NA,NA,NA,NA,NA,NA,NA,NA,NA,NA,NA,NA,NA,NA,NA,NA,NA,100,3,"d=100, n_i=3",0,TRUE,Population oracle bound,population_oracle,Population oracle bound
sitar,10,Population-oracle,rmw2,0.6268728603728922,0.5747682961795839,0.6749670894577019,100,100,NA,NA,NA,NA,NA,NA,NA,NA,NA,NA,NA,NA,NA,NA,NA,NA,NA,NA,NA,NA,NA,NA,NA,NA,200,3,"d=200, n_i=3",0,TRUE,Population oracle bound,population_oracle,Population oracle bound
sitar,14,Population-oracle,rmw2,0.4916204679387404,0.4496307365241349,0.530295738023017,100,100,NA,NA,NA,NA,NA,NA,NA,NA,NA,NA,NA,NA,NA,NA,NA,NA,NA,NA,NA,NA,NA,NA,NA,NA,300,3,"d=300, n_i=3",0,TRUE,Population oracle bound,population_oracle,Population oracle bound
sitar,18,Population-oracle,rmw2,0.4206373384510251,0.3874325355322702,0.4514062155191935,100,100,NA,NA,NA,NA,NA,NA,NA,NA,NA,NA,NA,NA,NA,NA,NA,NA,NA,NA,NA,NA,NA,NA,NA,NA,400,3,"d=400, n_i=3",0,TRUE,Population oracle bound,population_oracle,Population oracle bound
sitar,22,Population-oracle,rmw2,0.39555297918581145,0.3585276569190937,0.4293975289980679,100,100,NA,NA,NA,NA,NA,NA,NA,NA,NA,NA,NA,NA,NA,NA,NA,NA,NA,NA,NA,NA,NA,NA,NA,NA,500,3,"d=500, n_i=3",0,TRUE,Population oracle bound,population_oracle,Population oracle bound
sitar,3,Population-oracle,rmw2,1.266128368169974,1.1654349761019265,1.3593834653429564,100,100,NA,NA,NA,NA,NA,NA,NA,NA,NA,NA,NA,NA,NA,NA,NA,NA,NA,NA,NA,NA,NA,NA,NA,NA,50,5,"d=50, n_i=5",0,TRUE,Population oracle bound,population_oracle,Population oracle bound
sitar,7,Population-oracle,rmw2,0.8371362819971645,0.7648982333459255,0.9036177299590542,100,100,NA,NA,NA,NA,NA,NA,NA,NA,NA,NA,NA,NA,NA,NA,NA,NA,NA,NA,NA,NA,NA,NA,NA,NA,100,5,"d=100, n_i=5",0,TRUE,Population oracle bound,population_oracle,Population oracle bound
sitar,11,Population-oracle,rmw2,0.6268728603728922,0.5747682961795839,0.6749670894577019,100,100,NA,NA,NA,NA,NA,NA,NA,NA,NA,NA,NA,NA,NA,NA,NA,NA,NA,NA,NA,NA,NA,NA,NA,NA,200,5,"d=200, n_i=5",0,TRUE,Population oracle bound,population_oracle,Population oracle bound
sitar,15,Population-oracle,rmw2,0.4916204679387404,0.4496307365241349,0.530295738023017,100,100,NA,NA,NA,NA,NA,NA,NA,NA,NA,NA,NA,NA,NA,NA,NA,NA,NA,NA,NA,NA,NA,NA,NA,NA,300,5,"d=300, n_i=5",0,TRUE,Population oracle bound,population_oracle,Population oracle bound
sitar,19,Population-oracle,rmw2,0.4206373384510251,0.3874325355322702,0.4514062155191935,100,100,NA,NA,NA,NA,NA,NA,NA,NA,NA,NA,NA,NA,NA,NA,NA,NA,NA,NA,NA,NA,NA,NA,NA,NA,400,5,"d=400, n_i=5",0,TRUE,Population oracle bound,population_oracle,Population oracle bound
sitar,23,Population-oracle,rmw2,0.39555297918581145,0.3585276569190937,0.4293975289980679,100,100,NA,NA,NA,NA,NA,NA,NA,NA,NA,NA,NA,NA,NA,NA,NA,NA,NA,NA,NA,NA,NA,NA,NA,NA,500,5,"d=500, n_i=5",0,TRUE,Population oracle bound,population_oracle,Population oracle bound
sitar,4,Population-oracle,rmw2,1.266128368169974,1.1654349761019265,1.3593834653429564,100,100,NA,NA,NA,NA,NA,NA,NA,NA,NA,NA,NA,NA,NA,NA,NA,NA,NA,NA,NA,NA,NA,NA,NA,NA,50,10,"d=50, n_i=10",0,TRUE,Population oracle bound,population_oracle,Population oracle bound
sitar,8,Population-oracle,rmw2,0.8371362819971645,0.7648982333459255,0.9036177299590542,100,100,NA,NA,NA,NA,NA,NA,NA,NA,NA,NA,NA,NA,NA,NA,NA,NA,NA,NA,NA,NA,NA,NA,NA,NA,100,10,"d=100, n_i=10",0,TRUE,Population oracle bound,population_oracle,Population oracle bound
sitar,12,Population-oracle,rmw2,0.6268728603728922,0.5747682961795839,0.6749670894577019,100,100,NA,NA,NA,NA,NA,NA,NA,NA,NA,NA,NA,NA,NA,NA,NA,NA,NA,NA,NA,NA,NA,NA,NA,NA,200,10,"d=200, n_i=10",0,TRUE,Population oracle bound,population_oracle,Population oracle bound
sitar,16,Population-oracle,rmw2,0.4916204679387404,0.4496307365241349,0.530295738023017,100,100,NA,NA,NA,NA,NA,NA,NA,NA,NA,NA,NA,NA,NA,NA,NA,NA,NA,NA,NA,NA,NA,NA,NA,NA,300,10,"d=300, n_i=10",0,TRUE,Population oracle bound,population_oracle,Population oracle bound
sitar,20,Population-oracle,rmw2,0.4206373384510251,0.3874325355322702,0.4514062155191935,100,100,NA,NA,NA,NA,NA,NA,NA,NA,NA,NA,NA,NA,NA,NA,NA,NA,NA,NA,NA,NA,NA,NA,NA,NA,400,10,"d=400, n_i=10",0,TRUE,Population oracle bound,population_oracle,Population oracle bound
sitar,24,Population-oracle,rmw2,0.39555297918581145,0.3585276569190937,0.4293975289980679,100,100,NA,NA,NA,NA,NA,NA,NA,NA,NA,NA,NA,NA,NA,NA,NA,NA,NA,NA,NA,NA,NA,NA,NA,NA,500,10,"d=500, n_i=10",0,TRUE,Population oracle bound,population_oracle,Population oracle bound
sitar,1,Oracle-SITAR,time,2.043738166666668,2.0199216144169636,2.067554718916372,100,100,100,0,0,0,0,0,0,0,0,100,0,0,0,0,0,0,0,0,1,0,3.6850193333333325,2.043738166666668,4.1517833333333325,2.3745499999999993,50,2,"d=50, n_i=2",0,TRUE,Individual oracle bound,individual_oracle,Individual oracle bound
sitar,5,Oracle-SITAR,time,3.9560445000000013,3.919748546878167,3.9923404531218356,100,100,100,0,0,0,0,0,0,0,0,100,0,0,0,0,0,0,0,0,1,0,6.908833333333335,3.9560445000000013,7.582716666666666,4.348516666666668,100,2,"d=100, n_i=2",0,TRUE,Individual oracle bound,individual_oracle,Individual oracle bound
sitar,9,Oracle-SITAR,time,7.812804333333333,7.742663502984287,7.882945163682379,100,100,100,0,0,0,0,0,0,0,0,100,0,0,0,0,0,0,0,0,1,0,13.389765166666667,7.812804333333333,16.2443,10.254566666666667,200,2,"d=200, n_i=2",0,TRUE,Individual oracle bound,individual_oracle,Individual oracle bound
sitar,13,Oracle-SITAR,time,11.973663666666665,11.870115588989618,12.077211744343712,100,100,100,0,0,0,0,0,0,0,0,100,0,0,0,0,0,0,0,0,1,0,20.381702833333335,11.973663666666665,23.632783333333336,14.594366666666668,300,2,"d=300, n_i=2",0,TRUE,Individual oracle bound,individual_oracle,Individual oracle bound
sitar,17,Oracle-SITAR,time,15.747548833333333,15.66058354221711,15.834514124449557,100,100,100,0,0,0,0,0,0,0,0,100,0,0,0,0,0,0,0,0,1,0,26.9219555,15.747548833333333,28.97563333333331,17.078150000000004,400,2,"d=400, n_i=2",0,TRUE,Individual oracle bound,individual_oracle,Individual oracle bound
sitar,21,Oracle-SITAR,time,22.0501435,21.200245883788963,22.90004111621104,100,100,100,0,0,0,0,0,0,0,0,100,0,0,0,0,0,0,0,0,1,0,36.58623133333334,22.0501435,65.38945,47.799166666666665,500,2,"d=500, n_i=2",0,TRUE,Individual oracle bound,individual_oracle,Individual oracle bound
sitar,2,Oracle-SITAR,time,1.9651741666666664,1.9509524083258891,1.9793959250074438,100,100,100,0,0,0,0,0,0,0,0,100,0,0,0,0,0,0,0,0,1,0,3.5812524999999993,1.9651741666666664,3.8540999999999865,2.146483333333314,50,3,"d=50, n_i=3",0,TRUE,Individual oracle bound,individual_oracle,Individual oracle bound
sitar,6,Oracle-SITAR,time,3.926989500000001,3.9003503722701587,3.953628627729843,100,100,100,0,0,0,0,0,0,0,0,100,0,0,0,0,0,0,0,0,1,0,6.896993500000001,3.926989500000001,7.225883333333334,4.105216666666668,100,3,"d=100, n_i=3",0,TRUE,Individual oracle bound,individual_oracle,Individual oracle bound
sitar,10,Oracle-SITAR,time,7.7240294999999985,7.673381130994774,7.774677869005223,100,100,100,0,0,0,0,0,0,0,0,100,0,0,0,0,0,0,0,0,1,0,13.337584,7.7240294999999985,14.366466666666671,8.385233333333334,200,3,"d=200, n_i=3",0,TRUE,Individual oracle bound,individual_oracle,Individual oracle bound
sitar,14,Oracle-SITAR,time,12.154234666666667,11.621054161026263,12.687415172307071,100,100,100,0,0,0,0,0,0,0,0,100,0,0,0,0,0,0,0,0,1,0,20.621254666666665,12.154234666666667,53.396449999999994,38.2461,300,3,"d=300, n_i=3",0,TRUE,Individual oracle bound,individual_oracle,Individual oracle bound
sitar,18,Oracle-SITAR,time,16.993280833333333,16.04011319350398,17.946448473162686,100,100,100,0,0,0,0,0,0,0,0,100,0,0,0,0,0,0,0,0,1,0,28.635180000000002,16.993280833333333,82.68625,58.04465,400,3,"d=400, n_i=3",0,TRUE,Individual oracle bound,individual_oracle,Individual oracle bound
sitar,22,Oracle-SITAR,time,23.373851333333334,21.249195071514247,25.49850759515242,100,100,100,0,0,0,0,0,0,0,0,100,0,0,0,0,0,0,0,0,1,0,38.534512,23.373851333333334,114.33711666666666,76.1773,500,3,"d=500, n_i=3",0,TRUE,Individual oracle bound,individual_oracle,Individual oracle bound
sitar,3,Oracle-SITAR,time,2.0797773333333334,2.056257926070184,2.1032967405964826,100,100,100,0,0,0,0,0,0,0,0,100,0,0,0,0,0,0,0,0,1,0,3.715306833333333,2.0797773333333334,4.170749999999998,2.367750000000001,50,5,"d=50, n_i=5",0,TRUE,Individual oracle bound,individual_oracle,Individual oracle bound
sitar,7,Oracle-SITAR,time,4.077214833333334,4.054508568932719,4.099921097733948,100,100,100,0,0,0,0,0,0,0,0,100,0,0,0,0,0,0,0,0,1,0,7.121728333333333,4.077214833333334,7.337283333333334,4.195599999999998,100,5,"d=100, n_i=5",0,TRUE,Individual oracle bound,individual_oracle,Individual oracle bound
sitar,11,Oracle-SITAR,time,8.342670666666667,8.117834667523985,8.567506665809349,100,100,100,0,0,0,0,0,0,0,0,100,0,0,0,0,0,0,0,0,1,0,14.124889833333334,8.342670666666667,26.348883333333333,19.0938,200,5,"d=200, n_i=5",0,TRUE,Individual oracle bound,individual_oracle,Individual oracle bound
sitar,15,Oracle-SITAR,time,12.439127833333334,11.935999880073298,12.94225578659337,100,100,100,0,0,0,0,0,0,0,0,100,0,0,0,0,0,0,0,0,1,0,20.830209666666665,12.439127833333334,48.491933333333336,33.608200000000004,300,5,"d=300, n_i=5",0,TRUE,Individual oracle bound,individual_oracle,Individual oracle bound
sitar,19,Oracle-SITAR,time,16.201800833333333,16.022865624081575,16.38073604258509,100,100,100,0,0,0,0,0,0,0,0,100,0,0,0,0,0,0,0,0,1,0,27.332534000000003,16.201800833333333,34.7047,21.37503333333333,400,5,"d=400, n_i=5",0,TRUE,Individual oracle bound,individual_oracle,Individual oracle bound
sitar,23,Oracle-SITAR,time,22.499755833333335,20.91917547478208,24.08033619188459,100,100,100,0,0,0,0,0,0,0,0,100,0,0,0,0,0,0,0,0,1,0,36.94676333333334,22.499755833333335,119.21768333333333,82.50191666666667,500,5,"d=500, n_i=5",0,TRUE,Individual oracle bound,individual_oracle,Individual oracle bound
sitar,4,Oracle-SITAR,time,2.0343463333333336,2.020516059239882,2.048176607426785,100,100,100,0,0,0,0,0,0,0,0,100,0,0,0,0,0,0,0,0,1,0,3.5918069999999993,2.0343463333333336,3.930499999999999,2.258583333333324,50,10,"d=50, n_i=10",0,TRUE,Individual oracle bound,individual_oracle,Individual oracle bound
sitar,8,Oracle-SITAR,time,4.147766833333333,4.122051182723823,4.173482483942843,100,100,100,0,0,0,0,0,0,0,0,100,0,0,0,0,0,0,0,0,1,0,7.127670166666666,4.147766833333333,7.4761,4.299016666666671,100,10,"d=100, n_i=10",0,TRUE,Individual oracle bound,individual_oracle,Individual oracle bound
sitar,12,Oracle-SITAR,time,8.368631666666666,8.299854533297804,8.437408800035527,100,100,100,0,0,0,0,0,0,0,0,100,0,0,0,0,0,0,0,0,1,0,14.066798833333333,8.368631666666666,16.9132,10.161183333333334,200,10,"d=200, n_i=10",0,TRUE,Individual oracle bound,individual_oracle,Individual oracle bound
sitar,16,Oracle-SITAR,time,12.6830325,12.418371635399804,12.947693364600195,100,100,100,0,0,0,0,0,0,0,0,100,0,0,0,0,0,0,0,0,1,0,21.057115833333334,12.6830325,30.3068,20.355616666666666,300,10,"d=300, n_i=10",0,TRUE,Individual oracle bound,individual_oracle,Individual oracle bound
sitar,20,Oracle-SITAR,time,16.943771666666667,16.860736369290898,17.026806964042436,100,100,100,0,0,0,0,0,0,0,0,100,0,0,0,0,0,0,0,0,1,0,28.291682666666667,16.943771666666667,30.65745,19.290433333333336,400,10,"d=400, n_i=10",0,TRUE,Individual oracle bound,individual_oracle,Individual oracle bound
sitar,24,Oracle-SITAR,time,21.553238,21.194932053891034,21.911543946108967,100,100,100,0,0,0,0,0,0,0,0,100,0,0,0,0,0,0,0,0,1,0,35.64804,21.553238,45.73448333333334,28.496550000000003,500,10,"d=500, n_i=10",0,TRUE,Individual oracle bound,individual_oracle,Individual oracle bound
