case,subcase_id,n_clusters,n_obs_per_cluster,method,method_label,metric,n_expected,n_available,prop_metric_missing,show_metric,n_oom,n_timeout,n_unknown_missing,n_sim_fail,n_fit_fail,n_pred_fail,n_gp_fail,n_ci_fail,prop_oom,prop_timeout,prop_unknown_missing,prop_sim_fail,prop_fit_fail,prop_pred_fail,prop_gp_fail,prop_ci_fail
2re,1,50,2,AdaStruMM,AdaStruMM,RMISE,100,100,0,TRUE,0,0,0,0,0,0,0,0,0,0,0,0,0,0,0,0
2re,1,50,2,AdaStruMM,AdaStruMM,ci_width,100,100,0,TRUE,0,0,0,0,0,0,0,0,0,0,0,0,0,0,0,0
2re,1,50,2,AdaStruMM,AdaStruMM,coverage,100,100,0,TRUE,0,0,0,0,0,0,0,0,0,0,0,0,0,0,0,0
2re,1,50,2,AdaStruMM,AdaStruMM,rmw2,100,100,0,TRUE,0,0,0,0,0,0,0,0,0,0,0,0,0,0,0,0
2re,1,50,2,AdaStruMM,AdaStruMM,time,100,100,0,TRUE,0,0,0,0,0,0,0,0,0,0,0,0,0,0,0,0
2re,1,50,2,FACE,FACE,RMISE,100,100,0,TRUE,0,0,0,0,0,0,0,0,0,0,0,0,0,0,0,0
2re,1,50,2,FACE,FACE,ci_width,100,100,0,TRUE,0,0,0,0,0,0,0,0,0,0,0,0,0,0,0,0
2re,1,50,2,FACE,FACE,coverage,100,100,0,TRUE,0,0,0,0,0,0,0,0,0,0,0,0,0,0,0,0
2re,1,50,2,FACE,FACE,rmw2,100,100,0,TRUE,0,0,0,0,0,0,0,0,0,0,0,0,0,0,0,0
2re,1,50,2,FACE,FACE,time,100,100,0,TRUE,0,0,0,0,0,0,0,0,0,0,0,0,0,0,0,0
2re,1,50,2,HGAM-GS,HGAM-GS,RMISE,100,100,0,TRUE,0,0,0,0,0,0,0,0,0,0,0,0,0,0,0,0
2re,1,50,2,HGAM-GS,HGAM-GS,ci_width,100,100,0,TRUE,0,0,0,0,0,0,0,0,0,0,0,0,0,0,0,0
2re,1,50,2,HGAM-GS,HGAM-GS,coverage,100,100,0,TRUE,0,0,0,0,0,0,0,0,0,0,0,0,0,0,0,0
2re,1,50,2,HGAM-GS,HGAM-GS,rmw2,100,100,0,TRUE,0,0,0,0,0,0,0,0,0,0,0,0,0,0,0,0
2re,1,50,2,HGAM-GS,HGAM-GS,time,100,100,0,TRUE,0,0,0,0,0,0,0,0,0,0,0,0,0,0,0,0
2re,1,50,2,Oracle-GP,Individual oracle bound,RMISE,100,100,0,TRUE,0,0,0,0,0,0,0,0,0,0,0,0,0,0,0,0
2re,1,50,2,Oracle-GP,Individual oracle bound,ci_width,100,100,0,TRUE,0,0,0,0,0,0,0,0,0,0,0,0,0,0,0,0
2re,1,50,2,Oracle-GP,Individual oracle bound,coverage,100,100,0,TRUE,0,0,0,0,0,0,0,0,0,0,0,0,0,0,0,0
2re,1,50,2,Oracle-GP,Individual oracle bound,rmw2,100,0,1,FALSE,0,0,0,0,0,0,0,0,0,0,0,0,0,0,0,0
2re,1,50,2,Oracle-GP,Individual oracle bound,time,100,100,0,TRUE,0,0,0,0,0,0,0,0,0,0,0,0,0,0,0,0
2re,1,50,2,PACE,PACE,RMISE,100,100,0,TRUE,0,0,0,0,0,0,0,0,0,0,0,0,0,0,0,0
2re,1,50,2,PACE,PACE,ci_width,100,100,0,TRUE,0,0,0,0,0,0,0,0,0,0,0,0,0,0,0,0
2re,1,50,2,PACE,PACE,coverage,100,100,0,TRUE,0,0,0,0,0,0,0,0,0,0,0,0,0,0,0,0
2re,1,50,2,PACE,PACE,rmw2,100,100,0,TRUE,0,0,0,0,0,0,0,0,0,0,0,0,0,0,0,0
2re,1,50,2,PACE,PACE,time,100,100,0,TRUE,0,0,0,0,0,0,0,0,0,0,0,0,0,0,0,0
2re,1,50,2,bayesFPCA,bayesFPCA (oracle K),RMISE,100,100,0,TRUE,0,0,0,0,0,0,0,0,0,0,0,0,0,0,0,0
2re,1,50,2,bayesFPCA,bayesFPCA (oracle K),ci_width,100,100,0,TRUE,0,0,0,0,0,0,0,0,0,0,0,0,0,0,0,0
2re,1,50,2,bayesFPCA,bayesFPCA (oracle K),coverage,100,100,0,TRUE,0,0,0,0,0,0,0,0,0,0,0,0,0,0,0,0
2re,1,50,2,bayesFPCA,bayesFPCA (oracle K),rmw2,100,100,0,TRUE,0,0,0,0,0,0,0,0,0,0,0,0,0,0,0,0
2re,1,50,2,bayesFPCA,bayesFPCA (oracle K),time,100,100,0,TRUE,0,0,0,0,0,0,0,0,0,0,0,0,0,0,0,0
2re,5,100,2,AdaStruMM,AdaStruMM,RMISE,100,100,0,TRUE,0,0,0,0,0,0,0,0,0,0,0,0,0,0,0,0
2re,5,100,2,AdaStruMM,AdaStruMM,ci_width,100,100,0,TRUE,0,0,0,0,0,0,0,0,0,0,0,0,0,0,0,0
2re,5,100,2,AdaStruMM,AdaStruMM,coverage,100,100,0,TRUE,0,0,0,0,0,0,0,0,0,0,0,0,0,0,0,0
2re,5,100,2,AdaStruMM,AdaStruMM,rmw2,100,100,0,TRUE,0,0,0,0,0,0,0,0,0,0,0,0,0,0,0,0
2re,5,100,2,AdaStruMM,AdaStruMM,time,100,100,0,TRUE,0,0,0,0,0,0,0,0,0,0,0,0,0,0,0,0
2re,5,100,2,FACE,FACE,RMISE,100,100,0,TRUE,0,0,0,0,0,0,0,0,0,0,0,0,0,0,0,0
2re,5,100,2,FACE,FACE,ci_width,100,100,0,TRUE,0,0,0,0,0,0,0,0,0,0,0,0,0,0,0,0
2re,5,100,2,FACE,FACE,coverage,100,100,0,TRUE,0,0,0,0,0,0,0,0,0,0,0,0,0,0,0,0
2re,5,100,2,FACE,FACE,rmw2,100,100,0,TRUE,0,0,0,0,0,0,0,0,0,0,0,0,0,0,0,0
2re,5,100,2,FACE,FACE,time,100,100,0,TRUE,0,0,0,0,0,0,0,0,0,0,0,0,0,0,0,0
2re,5,100,2,HGAM-GS,HGAM-GS,RMISE,100,100,0,TRUE,0,0,0,0,0,0,0,0,0,0,0,0,0,0,0,0
2re,5,100,2,HGAM-GS,HGAM-GS,ci_width,100,100,0,TRUE,0,0,0,0,0,0,0,0,0,0,0,0,0,0,0,0
2re,5,100,2,HGAM-GS,HGAM-GS,coverage,100,100,0,TRUE,0,0,0,0,0,0,0,0,0,0,0,0,0,0,0,0
2re,5,100,2,HGAM-GS,HGAM-GS,rmw2,100,100,0,TRUE,0,0,0,0,0,0,0,0,0,0,0,0,0,0,0,0
2re,5,100,2,HGAM-GS,HGAM-GS,time,100,100,0,TRUE,0,0,0,0,0,0,0,0,0,0,0,0,0,0,0,0
2re,5,100,2,Oracle-GP,Individual oracle bound,RMISE,100,100,0,TRUE,0,0,0,0,0,0,0,0,0,0,0,0,0,0,0,0
2re,5,100,2,Oracle-GP,Individual oracle bound,ci_width,100,100,0,TRUE,0,0,0,0,0,0,0,0,0,0,0,0,0,0,0,0
2re,5,100,2,Oracle-GP,Individual oracle bound,coverage,100,100,0,TRUE,0,0,0,0,0,0,0,0,0,0,0,0,0,0,0,0
2re,5,100,2,Oracle-GP,Individual oracle bound,rmw2,100,0,1,FALSE,0,0,0,0,0,0,0,0,0,0,0,0,0,0,0,0
2re,5,100,2,Oracle-GP,Individual oracle bound,time,100,100,0,TRUE,0,0,0,0,0,0,0,0,0,0,0,0,0,0,0,0
2re,5,100,2,PACE,PACE,RMISE,100,100,0,TRUE,0,0,0,0,0,0,0,0,0,0,0,0,0,0,0,0
2re,5,100,2,PACE,PACE,ci_width,100,100,0,TRUE,0,0,0,0,0,0,0,0,0,0,0,0,0,0,0,0
2re,5,100,2,PACE,PACE,coverage,100,100,0,TRUE,0,0,0,0,0,0,0,0,0,0,0,0,0,0,0,0
2re,5,100,2,PACE,PACE,rmw2,100,100,0,TRUE,0,0,0,0,0,0,0,0,0,0,0,0,0,0,0,0
2re,5,100,2,PACE,PACE,time,100,100,0,TRUE,0,0,0,0,0,0,0,0,0,0,0,0,0,0,0,0
2re,5,100,2,bayesFPCA,bayesFPCA (oracle K),RMISE,100,100,0,TRUE,0,0,0,0,0,0,0,0,0,0,0,0,0,0,0,0
2re,5,100,2,bayesFPCA,bayesFPCA (oracle K),ci_width,100,100,0,TRUE,0,0,0,0,0,0,0,0,0,0,0,0,0,0,0,0
2re,5,100,2,bayesFPCA,bayesFPCA (oracle K),coverage,100,100,0,TRUE,0,0,0,0,0,0,0,0,0,0,0,0,0,0,0,0
2re,5,100,2,bayesFPCA,bayesFPCA (oracle K),rmw2,100,100,0,TRUE,0,0,0,0,0,0,0,0,0,0,0,0,0,0,0,0
2re,5,100,2,bayesFPCA,bayesFPCA (oracle K),time,100,100,0,TRUE,0,0,0,0,0,0,0,0,0,0,0,0,0,0,0,0
2re,9,200,2,AdaStruMM,AdaStruMM,RMISE,100,100,0,TRUE,0,0,0,0,0,0,0,0,0,0,0,0,0,0,0,0
2re,9,200,2,AdaStruMM,AdaStruMM,ci_width,100,100,0,TRUE,0,0,0,0,0,0,0,0,0,0,0,0,0,0,0,0
2re,9,200,2,AdaStruMM,AdaStruMM,coverage,100,100,0,TRUE,0,0,0,0,0,0,0,0,0,0,0,0,0,0,0,0
2re,9,200,2,AdaStruMM,AdaStruMM,rmw2,100,100,0,TRUE,0,0,0,0,0,0,0,0,0,0,0,0,0,0,0,0
2re,9,200,2,AdaStruMM,AdaStruMM,time,100,100,0,TRUE,0,0,0,0,0,0,0,0,0,0,0,0,0,0,0,0
2re,9,200,2,FACE,FACE,RMISE,100,100,0,TRUE,0,0,0,0,0,0,0,0,0,0,0,0,0,0,0,0
2re,9,200,2,FACE,FACE,ci_width,100,100,0,TRUE,0,0,0,0,0,0,0,0,0,0,0,0,0,0,0,0
2re,9,200,2,FACE,FACE,coverage,100,100,0,TRUE,0,0,0,0,0,0,0,0,0,0,0,0,0,0,0,0
2re,9,200,2,FACE,FACE,rmw2,100,100,0,TRUE,0,0,0,0,0,0,0,0,0,0,0,0,0,0,0,0
2re,9,200,2,FACE,FACE,time,100,100,0,TRUE,0,0,0,0,0,0,0,0,0,0,0,0,0,0,0,0
2re,9,200,2,HGAM-GS,HGAM-GS,RMISE,100,100,0,TRUE,0,0,0,0,0,0,0,0,0,0,0,0,0,0,0,0
2re,9,200,2,HGAM-GS,HGAM-GS,ci_width,100,100,0,TRUE,0,0,0,0,0,0,0,0,0,0,0,0,0,0,0,0
2re,9,200,2,HGAM-GS,HGAM-GS,coverage,100,100,0,TRUE,0,0,0,0,0,0,0,0,0,0,0,0,0,0,0,0
2re,9,200,2,HGAM-GS,HGAM-GS,rmw2,100,100,0,TRUE,0,0,0,0,0,0,0,0,0,0,0,0,0,0,0,0
2re,9,200,2,HGAM-GS,HGAM-GS,time,100,100,0,TRUE,0,0,0,0,0,0,0,0,0,0,0,0,0,0,0,0
2re,9,200,2,Oracle-GP,Individual oracle bound,RMISE,100,100,0,TRUE,0,0,0,0,0,0,0,0,0,0,0,0,0,0,0,0
2re,9,200,2,Oracle-GP,Individual oracle bound,ci_width,100,100,0,TRUE,0,0,0,0,0,0,0,0,0,0,0,0,0,0,0,0
2re,9,200,2,Oracle-GP,Individual oracle bound,coverage,100,100,0,TRUE,0,0,0,0,0,0,0,0,0,0,0,0,0,0,0,0
2re,9,200,2,Oracle-GP,Individual oracle bound,rmw2,100,0,1,FALSE,0,0,0,0,0,0,0,0,0,0,0,0,0,0,0,0
2re,9,200,2,Oracle-GP,Individual oracle bound,time,100,100,0,TRUE,0,0,0,0,0,0,0,0,0,0,0,0,0,0,0,0
2re,9,200,2,PACE,PACE,RMISE,100,100,0,TRUE,0,0,0,0,0,0,0,0,0,0,0,0,0,0,0,0
2re,9,200,2,PACE,PACE,ci_width,100,100,0,TRUE,0,0,0,0,0,0,0,0,0,0,0,0,0,0,0,0
2re,9,200,2,PACE,PACE,coverage,100,100,0,TRUE,0,0,0,0,0,0,0,0,0,0,0,0,0,0,0,0
2re,9,200,2,PACE,PACE,rmw2,100,100,0,TRUE,0,0,0,0,0,0,0,0,0,0,0,0,0,0,0,0
2re,9,200,2,PACE,PACE,time,100,100,0,TRUE,0,0,0,0,0,0,0,0,0,0,0,0,0,0,0,0
2re,9,200,2,bayesFPCA,bayesFPCA (oracle K),RMISE,100,100,0,TRUE,0,0,0,0,0,0,0,0,0,0,0,0,0,0,0,0
2re,9,200,2,bayesFPCA,bayesFPCA (oracle K),ci_width,100,100,0,TRUE,0,0,0,0,0,0,0,0,0,0,0,0,0,0,0,0
2re,9,200,2,bayesFPCA,bayesFPCA (oracle K),coverage,100,100,0,TRUE,0,0,0,0,0,0,0,0,0,0,0,0,0,0,0,0
2re,9,200,2,bayesFPCA,bayesFPCA (oracle K),rmw2,100,100,0,TRUE,0,0,0,0,0,0,0,0,0,0,0,0,0,0,0,0
2re,9,200,2,bayesFPCA,bayesFPCA (oracle K),time,100,100,0,TRUE,0,0,0,0,0,0,0,0,0,0,0,0,0,0,0,0
2re,13,300,2,AdaStruMM,AdaStruMM,RMISE,100,100,0,TRUE,0,0,0,0,0,0,0,0,0,0,0,0,0,0,0,0
2re,13,300,2,AdaStruMM,AdaStruMM,ci_width,100,100,0,TRUE,0,0,0,0,0,0,0,0,0,0,0,0,0,0,0,0
2re,13,300,2,AdaStruMM,AdaStruMM,coverage,100,100,0,TRUE,0,0,0,0,0,0,0,0,0,0,0,0,0,0,0,0
2re,13,300,2,AdaStruMM,AdaStruMM,rmw2,100,100,0,TRUE,0,0,0,0,0,0,0,0,0,0,0,0,0,0,0,0
2re,13,300,2,AdaStruMM,AdaStruMM,time,100,100,0,TRUE,0,0,0,0,0,0,0,0,0,0,0,0,0,0,0,0
2re,13,300,2,FACE,FACE,RMISE,100,100,0,TRUE,0,0,0,0,0,0,0,0,0,0,0,0,0,0,0,0
2re,13,300,2,FACE,FACE,ci_width,100,100,0,TRUE,0,0,0,0,0,0,0,0,0,0,0,0,0,0,0,0
2re,13,300,2,FACE,FACE,coverage,100,100,0,TRUE,0,0,0,0,0,0,0,0,0,0,0,0,0,0,0,0
2re,13,300,2,FACE,FACE,rmw2,100,100,0,TRUE,0,0,0,0,0,0,0,0,0,0,0,0,0,0,0,0
2re,13,300,2,FACE,FACE,time,100,100,0,TRUE,0,0,0,0,0,0,0,0,0,0,0,0,0,0,0,0
2re,13,300,2,HGAM-GS,HGAM-GS,RMISE,100,100,0,TRUE,0,0,0,0,0,0,0,0,0,0,0,0,0,0,0,0
2re,13,300,2,HGAM-GS,HGAM-GS,ci_width,100,100,0,TRUE,0,0,0,0,0,0,0,0,0,0,0,0,0,0,0,0
2re,13,300,2,HGAM-GS,HGAM-GS,coverage,100,100,0,TRUE,0,0,0,0,0,0,0,0,0,0,0,0,0,0,0,0
2re,13,300,2,HGAM-GS,HGAM-GS,rmw2,100,100,0,TRUE,0,0,0,0,0,0,0,0,0,0,0,0,0,0,0,0
2re,13,300,2,HGAM-GS,HGAM-GS,time,100,100,0,TRUE,0,0,0,0,0,0,0,0,0,0,0,0,0,0,0,0
2re,13,300,2,Oracle-GP,Individual oracle bound,RMISE,100,100,0,TRUE,0,0,0,0,0,0,0,0,0,0,0,0,0,0,0,0
2re,13,300,2,Oracle-GP,Individual oracle bound,ci_width,100,100,0,TRUE,0,0,0,0,0,0,0,0,0,0,0,0,0,0,0,0
2re,13,300,2,Oracle-GP,Individual oracle bound,coverage,100,100,0,TRUE,0,0,0,0,0,0,0,0,0,0,0,0,0,0,0,0
2re,13,300,2,Oracle-GP,Individual oracle bound,rmw2,100,0,1,FALSE,0,0,0,0,0,0,0,0,0,0,0,0,0,0,0,0
2re,13,300,2,Oracle-GP,Individual oracle bound,time,100,100,0,TRUE,0,0,0,0,0,0,0,0,0,0,0,0,0,0,0,0
2re,13,300,2,PACE,PACE,RMISE,100,100,0,TRUE,0,0,0,0,0,0,0,0,0,0,0,0,0,0,0,0
2re,13,300,2,PACE,PACE,ci_width,100,100,0,TRUE,0,0,0,0,0,0,0,0,0,0,0,0,0,0,0,0
2re,13,300,2,PACE,PACE,coverage,100,100,0,TRUE,0,0,0,0,0,0,0,0,0,0,0,0,0,0,0,0
2re,13,300,2,PACE,PACE,rmw2,100,100,0,TRUE,0,0,0,0,0,0,0,0,0,0,0,0,0,0,0,0
2re,13,300,2,PACE,PACE,time,100,100,0,TRUE,0,0,0,0,0,0,0,0,0,0,0,0,0,0,0,0
2re,13,300,2,bayesFPCA,bayesFPCA (oracle K),RMISE,100,100,0,TRUE,0,0,0,0,0,0,0,0,0,0,0,0,0,0,0,0
2re,13,300,2,bayesFPCA,bayesFPCA (oracle K),ci_width,100,100,0,TRUE,0,0,0,0,0,0,0,0,0,0,0,0,0,0,0,0
2re,13,300,2,bayesFPCA,bayesFPCA (oracle K),coverage,100,100,0,TRUE,0,0,0,0,0,0,0,0,0,0,0,0,0,0,0,0
2re,13,300,2,bayesFPCA,bayesFPCA (oracle K),rmw2,100,100,0,TRUE,0,0,0,0,0,0,0,0,0,0,0,0,0,0,0,0
2re,13,300,2,bayesFPCA,bayesFPCA (oracle K),time,100,100,0,TRUE,0,0,0,0,0,0,0,0,0,0,0,0,0,0,0,0
2re,17,400,2,AdaStruMM,AdaStruMM,RMISE,100,100,0,TRUE,0,0,0,0,0,0,0,0,0,0,0,0,0,0,0,0
2re,17,400,2,AdaStruMM,AdaStruMM,ci_width,100,100,0,TRUE,0,0,0,0,0,0,0,0,0,0,0,0,0,0,0,0
2re,17,400,2,AdaStruMM,AdaStruMM,coverage,100,100,0,TRUE,0,0,0,0,0,0,0,0,0,0,0,0,0,0,0,0
2re,17,400,2,AdaStruMM,AdaStruMM,rmw2,100,100,0,TRUE,0,0,0,0,0,0,0,0,0,0,0,0,0,0,0,0
2re,17,400,2,AdaStruMM,AdaStruMM,time,100,100,0,TRUE,0,0,0,0,0,0,0,0,0,0,0,0,0,0,0,0
2re,17,400,2,FACE,FACE,RMISE,100,100,0,TRUE,0,0,0,0,0,0,0,0,0,0,0,0,0,0,0,0
2re,17,400,2,FACE,FACE,ci_width,100,100,0,TRUE,0,0,0,0,0,0,0,0,0,0,0,0,0,0,0,0
2re,17,400,2,FACE,FACE,coverage,100,100,0,TRUE,0,0,0,0,0,0,0,0,0,0,0,0,0,0,0,0
2re,17,400,2,FACE,FACE,rmw2,100,100,0,TRUE,0,0,0,0,0,0,0,0,0,0,0,0,0,0,0,0
2re,17,400,2,FACE,FACE,time,100,100,0,TRUE,0,0,0,0,0,0,0,0,0,0,0,0,0,0,0,0
2re,17,400,2,HGAM-GS,HGAM-GS,RMISE,100,100,0,TRUE,0,0,0,0,0,0,0,0,0,0,0,0,0,0,0,0
2re,17,400,2,HGAM-GS,HGAM-GS,ci_width,100,100,0,TRUE,0,0,0,0,0,0,0,0,0,0,0,0,0,0,0,0
2re,17,400,2,HGAM-GS,HGAM-GS,coverage,100,100,0,TRUE,0,0,0,0,0,0,0,0,0,0,0,0,0,0,0,0
2re,17,400,2,HGAM-GS,HGAM-GS,rmw2,100,100,0,TRUE,0,0,0,0,0,0,0,0,0,0,0,0,0,0,0,0
2re,17,400,2,HGAM-GS,HGAM-GS,time,100,100,0,TRUE,0,0,0,0,0,0,0,0,0,0,0,0,0,0,0,0
2re,17,400,2,Oracle-GP,Individual oracle bound,RMISE,100,100,0,TRUE,0,0,0,0,0,0,0,0,0,0,0,0,0,0,0,0
2re,17,400,2,Oracle-GP,Individual oracle bound,ci_width,100,100,0,TRUE,0,0,0,0,0,0,0,0,0,0,0,0,0,0,0,0
2re,17,400,2,Oracle-GP,Individual oracle bound,coverage,100,100,0,TRUE,0,0,0,0,0,0,0,0,0,0,0,0,0,0,0,0
2re,17,400,2,Oracle-GP,Individual oracle bound,rmw2,100,0,1,FALSE,0,0,0,0,0,0,0,0,0,0,0,0,0,0,0,0
2re,17,400,2,Oracle-GP,Individual oracle bound,time,100,100,0,TRUE,0,0,0,0,0,0,0,0,0,0,0,0,0,0,0,0
2re,17,400,2,PACE,PACE,RMISE,100,100,0,TRUE,0,0,0,0,0,0,0,0,0,0,0,0,0,0,0,0
2re,17,400,2,PACE,PACE,ci_width,100,100,0,TRUE,0,0,0,0,0,0,0,0,0,0,0,0,0,0,0,0
2re,17,400,2,PACE,PACE,coverage,100,100,0,TRUE,0,0,0,0,0,0,0,0,0,0,0,0,0,0,0,0
2re,17,400,2,PACE,PACE,rmw2,100,100,0,TRUE,0,0,0,0,0,0,0,0,0,0,0,0,0,0,0,0
2re,17,400,2,PACE,PACE,time,100,100,0,TRUE,0,0,0,0,0,0,0,0,0,0,0,0,0,0,0,0
2re,17,400,2,bayesFPCA,bayesFPCA (oracle K),RMISE,100,100,0,TRUE,0,0,0,0,0,0,0,0,0,0,0,0,0,0,0,0
2re,17,400,2,bayesFPCA,bayesFPCA (oracle K),ci_width,100,100,0,TRUE,0,0,0,0,0,0,0,0,0,0,0,0,0,0,0,0
2re,17,400,2,bayesFPCA,bayesFPCA (oracle K),coverage,100,100,0,TRUE,0,0,0,0,0,0,0,0,0,0,0,0,0,0,0,0
2re,17,400,2,bayesFPCA,bayesFPCA (oracle K),rmw2,100,100,0,TRUE,0,0,0,0,0,0,0,0,0,0,0,0,0,0,0,0
2re,17,400,2,bayesFPCA,bayesFPCA (oracle K),time,100,100,0,TRUE,0,0,0,0,0,0,0,0,0,0,0,0,0,0,0,0
2re,21,500,2,AdaStruMM,AdaStruMM,RMISE,100,100,0,TRUE,0,0,0,0,0,0,0,0,0,0,0,0,0,0,0,0
2re,21,500,2,AdaStruMM,AdaStruMM,ci_width,100,100,0,TRUE,0,0,0,0,0,0,0,0,0,0,0,0,0,0,0,0
2re,21,500,2,AdaStruMM,AdaStruMM,coverage,100,100,0,TRUE,0,0,0,0,0,0,0,0,0,0,0,0,0,0,0,0
2re,21,500,2,AdaStruMM,AdaStruMM,rmw2,100,100,0,TRUE,0,0,0,0,0,0,0,0,0,0,0,0,0,0,0,0
2re,21,500,2,AdaStruMM,AdaStruMM,time,100,100,0,TRUE,0,0,0,0,0,0,0,0,0,0,0,0,0,0,0,0
2re,21,500,2,FACE,FACE,RMISE,100,100,0,TRUE,0,0,0,0,0,0,0,0,0,0,0,0,0,0,0,0
2re,21,500,2,FACE,FACE,ci_width,100,100,0,TRUE,0,0,0,0,0,0,0,0,0,0,0,0,0,0,0,0
2re,21,500,2,FACE,FACE,coverage,100,100,0,TRUE,0,0,0,0,0,0,0,0,0,0,0,0,0,0,0,0
2re,21,500,2,FACE,FACE,rmw2,100,100,0,TRUE,0,0,0,0,0,0,0,0,0,0,0,0,0,0,0,0
2re,21,500,2,FACE,FACE,time,100,100,0,TRUE,0,0,0,0,0,0,0,0,0,0,0,0,0,0,0,0
2re,21,500,2,HGAM-GS,HGAM-GS,RMISE,100,100,0,TRUE,0,0,0,0,0,0,0,0,0,0,0,0,0,0,0,0
2re,21,500,2,HGAM-GS,HGAM-GS,ci_width,100,100,0,TRUE,0,0,0,0,0,0,0,0,0,0,0,0,0,0,0,0
2re,21,500,2,HGAM-GS,HGAM-GS,coverage,100,100,0,TRUE,0,0,0,0,0,0,0,0,0,0,0,0,0,0,0,0
2re,21,500,2,HGAM-GS,HGAM-GS,rmw2,100,100,0,TRUE,0,0,0,0,0,0,0,0,0,0,0,0,0,0,0,0
2re,21,500,2,HGAM-GS,HGAM-GS,time,100,100,0,TRUE,0,0,0,0,0,0,0,0,0,0,0,0,0,0,0,0
2re,21,500,2,Oracle-GP,Individual oracle bound,RMISE,100,100,0,TRUE,0,0,0,0,0,0,0,0,0,0,0,0,0,0,0,0
2re,21,500,2,Oracle-GP,Individual oracle bound,ci_width,100,100,0,TRUE,0,0,0,0,0,0,0,0,0,0,0,0,0,0,0,0
2re,21,500,2,Oracle-GP,Individual oracle bound,coverage,100,100,0,TRUE,0,0,0,0,0,0,0,0,0,0,0,0,0,0,0,0
2re,21,500,2,Oracle-GP,Individual oracle bound,rmw2,100,0,1,FALSE,0,0,0,0,0,0,0,0,0,0,0,0,0,0,0,0
2re,21,500,2,Oracle-GP,Individual oracle bound,time,100,100,0,TRUE,0,0,0,0,0,0,0,0,0,0,0,0,0,0,0,0
2re,21,500,2,PACE,PACE,RMISE,100,100,0,TRUE,0,0,0,0,0,0,0,0,0,0,0,0,0,0,0,0
2re,21,500,2,PACE,PACE,ci_width,100,100,0,TRUE,0,0,0,0,0,0,0,0,0,0,0,0,0,0,0,0
2re,21,500,2,PACE,PACE,coverage,100,100,0,TRUE,0,0,0,0,0,0,0,0,0,0,0,0,0,0,0,0
2re,21,500,2,PACE,PACE,rmw2,100,100,0,TRUE,0,0,0,0,0,0,0,0,0,0,0,0,0,0,0,0
2re,21,500,2,PACE,PACE,time,100,100,0,TRUE,0,0,0,0,0,0,0,0,0,0,0,0,0,0,0,0
2re,21,500,2,bayesFPCA,bayesFPCA (oracle K),RMISE,100,100,0,TRUE,0,0,0,0,0,0,0,0,0,0,0,0,0,0,0,0
2re,21,500,2,bayesFPCA,bayesFPCA (oracle K),ci_width,100,100,0,TRUE,0,0,0,0,0,0,0,0,0,0,0,0,0,0,0,0
2re,21,500,2,bayesFPCA,bayesFPCA (oracle K),coverage,100,100,0,TRUE,0,0,0,0,0,0,0,0,0,0,0,0,0,0,0,0
2re,21,500,2,bayesFPCA,bayesFPCA (oracle K),rmw2,100,100,0,TRUE,0,0,0,0,0,0,0,0,0,0,0,0,0,0,0,0
2re,21,500,2,bayesFPCA,bayesFPCA (oracle K),time,100,100,0,TRUE,0,0,0,0,0,0,0,0,0,0,0,0,0,0,0,0
2re,2,50,3,AdaStruMM,AdaStruMM,RMISE,100,100,0,TRUE,0,0,0,0,0,0,0,0,0,0,0,0,0,0,0,0
2re,2,50,3,AdaStruMM,AdaStruMM,ci_width,100,100,0,TRUE,0,0,0,0,0,0,0,0,0,0,0,0,0,0,0,0
2re,2,50,3,AdaStruMM,AdaStruMM,coverage,100,100,0,TRUE,0,0,0,0,0,0,0,0,0,0,0,0,0,0,0,0
2re,2,50,3,AdaStruMM,AdaStruMM,rmw2,100,100,0,TRUE,0,0,0,0,0,0,0,0,0,0,0,0,0,0,0,0
2re,2,50,3,AdaStruMM,AdaStruMM,time,100,100,0,TRUE,0,0,0,0,0,0,0,0,0,0,0,0,0,0,0,0
2re,2,50,3,FACE,FACE,RMISE,100,100,0,TRUE,0,0,0,0,0,0,0,0,0,0,0,0,0,0,0,0
2re,2,50,3,FACE,FACE,ci_width,100,100,0,TRUE,0,0,0,0,0,0,0,0,0,0,0,0,0,0,0,0
2re,2,50,3,FACE,FACE,coverage,100,100,0,TRUE,0,0,0,0,0,0,0,0,0,0,0,0,0,0,0,0
2re,2,50,3,FACE,FACE,rmw2,100,100,0,TRUE,0,0,0,0,0,0,0,0,0,0,0,0,0,0,0,0
2re,2,50,3,FACE,FACE,time,100,100,0,TRUE,0,0,0,0,0,0,0,0,0,0,0,0,0,0,0,0
2re,2,50,3,HGAM-GS,HGAM-GS,RMISE,100,100,0,TRUE,0,0,0,0,0,0,0,0,0,0,0,0,0,0,0,0
2re,2,50,3,HGAM-GS,HGAM-GS,ci_width,100,100,0,TRUE,0,0,0,0,0,0,0,0,0,0,0,0,0,0,0,0
2re,2,50,3,HGAM-GS,HGAM-GS,coverage,100,100,0,TRUE,0,0,0,0,0,0,0,0,0,0,0,0,0,0,0,0
2re,2,50,3,HGAM-GS,HGAM-GS,rmw2,100,100,0,TRUE,0,0,0,0,0,0,0,0,0,0,0,0,0,0,0,0
2re,2,50,3,HGAM-GS,HGAM-GS,time,100,100,0,TRUE,0,0,0,0,0,0,0,0,0,0,0,0,0,0,0,0
2re,2,50,3,Local-GAM,Local-GAM,RMISE,100,100,0,TRUE,0,0,0,0,0,0,0,0,0,0,0,0,0,0,0,0
2re,2,50,3,Local-GAM,Local-GAM,ci_width,100,100,0,TRUE,0,0,0,0,0,0,0,0,0,0,0,0,0,0,0,0
2re,2,50,3,Local-GAM,Local-GAM,coverage,100,100,0,TRUE,0,0,0,0,0,0,0,0,0,0,0,0,0,0,0,0
2re,2,50,3,Local-GAM,Local-GAM,rmw2,100,100,0,TRUE,0,0,0,0,0,0,0,0,0,0,0,0,0,0,0,0
2re,2,50,3,Local-GAM,Local-GAM,time,100,100,0,TRUE,0,0,0,0,0,0,0,0,0,0,0,0,0,0,0,0
2re,2,50,3,Oracle-GP,Individual oracle bound,RMISE,100,100,0,TRUE,0,0,0,0,0,0,0,0,0,0,0,0,0,0,0,0
2re,2,50,3,Oracle-GP,Individual oracle bound,ci_width,100,100,0,TRUE,0,0,0,0,0,0,0,0,0,0,0,0,0,0,0,0
2re,2,50,3,Oracle-GP,Individual oracle bound,coverage,100,100,0,TRUE,0,0,0,0,0,0,0,0,0,0,0,0,0,0,0,0
2re,2,50,3,Oracle-GP,Individual oracle bound,rmw2,100,0,1,FALSE,0,0,0,0,0,0,0,0,0,0,0,0,0,0,0,0
2re,2,50,3,Oracle-GP,Individual oracle bound,time,100,100,0,TRUE,0,0,0,0,0,0,0,0,0,0,0,0,0,0,0,0
2re,2,50,3,PACE,PACE,RMISE,100,100,0,TRUE,0,0,0,0,0,0,0,0,0,0,0,0,0,0,0,0
2re,2,50,3,PACE,PACE,ci_width,100,100,0,TRUE,0,0,0,0,0,0,0,0,0,0,0,0,0,0,0,0
2re,2,50,3,PACE,PACE,coverage,100,100,0,TRUE,0,0,0,0,0,0,0,0,0,0,0,0,0,0,0,0
2re,2,50,3,PACE,PACE,rmw2,100,100,0,TRUE,0,0,0,0,0,0,0,0,0,0,0,0,0,0,0,0
2re,2,50,3,PACE,PACE,time,100,100,0,TRUE,0,0,0,0,0,0,0,0,0,0,0,0,0,0,0,0
2re,2,50,3,bayesFPCA,bayesFPCA (oracle K),RMISE,100,100,0,TRUE,0,0,0,0,0,0,0,0,0,0,0,0,0,0,0,0
2re,2,50,3,bayesFPCA,bayesFPCA (oracle K),ci_width,100,100,0,TRUE,0,0,0,0,0,0,0,0,0,0,0,0,0,0,0,0
2re,2,50,3,bayesFPCA,bayesFPCA (oracle K),coverage,100,100,0,TRUE,0,0,0,0,0,0,0,0,0,0,0,0,0,0,0,0
2re,2,50,3,bayesFPCA,bayesFPCA (oracle K),rmw2,100,100,0,TRUE,0,0,0,0,0,0,0,0,0,0,0,0,0,0,0,0
2re,2,50,3,bayesFPCA,bayesFPCA (oracle K),time,100,100,0,TRUE,0,0,0,0,0,0,0,0,0,0,0,0,0,0,0,0
2re,6,100,3,AdaStruMM,AdaStruMM,RMISE,100,100,0,TRUE,0,0,0,0,0,0,0,0,0,0,0,0,0,0,0,0
2re,6,100,3,AdaStruMM,AdaStruMM,ci_width,100,100,0,TRUE,0,0,0,0,0,0,0,0,0,0,0,0,0,0,0,0
2re,6,100,3,AdaStruMM,AdaStruMM,coverage,100,100,0,TRUE,0,0,0,0,0,0,0,0,0,0,0,0,0,0,0,0
2re,6,100,3,AdaStruMM,AdaStruMM,rmw2,100,100,0,TRUE,0,0,0,0,0,0,0,0,0,0,0,0,0,0,0,0
2re,6,100,3,AdaStruMM,AdaStruMM,time,100,100,0,TRUE,0,0,0,0,0,0,0,0,0,0,0,0,0,0,0,0
2re,6,100,3,FACE,FACE,RMISE,100,100,0,TRUE,0,0,0,0,0,0,0,0,0,0,0,0,0,0,0,0
2re,6,100,3,FACE,FACE,ci_width,100,100,0,TRUE,0,0,0,0,0,0,0,0,0,0,0,0,0,0,0,0
2re,6,100,3,FACE,FACE,coverage,100,100,0,TRUE,0,0,0,0,0,0,0,0,0,0,0,0,0,0,0,0
2re,6,100,3,FACE,FACE,rmw2,100,100,0,TRUE,0,0,0,0,0,0,0,0,0,0,0,0,0,0,0,0
2re,6,100,3,FACE,FACE,time,100,100,0,TRUE,0,0,0,0,0,0,0,0,0,0,0,0,0,0,0,0
2re,6,100,3,HGAM-GS,HGAM-GS,RMISE,100,100,0,TRUE,0,0,0,0,0,0,0,0,0,0,0,0,0,0,0,0
2re,6,100,3,HGAM-GS,HGAM-GS,ci_width,100,100,0,TRUE,0,0,0,0,0,0,0,0,0,0,0,0,0,0,0,0
2re,6,100,3,HGAM-GS,HGAM-GS,coverage,100,100,0,TRUE,0,0,0,0,0,0,0,0,0,0,0,0,0,0,0,0
2re,6,100,3,HGAM-GS,HGAM-GS,rmw2,100,100,0,TRUE,0,0,0,0,0,0,0,0,0,0,0,0,0,0,0,0
2re,6,100,3,HGAM-GS,HGAM-GS,time,100,100,0,TRUE,0,0,0,0,0,0,0,0,0,0,0,0,0,0,0,0
2re,6,100,3,Local-GAM,Local-GAM,RMISE,100,100,0,TRUE,0,0,0,0,0,0,0,0,0,0,0,0,0,0,0,0
2re,6,100,3,Local-GAM,Local-GAM,ci_width,100,100,0,TRUE,0,0,0,0,0,0,0,0,0,0,0,0,0,0,0,0
2re,6,100,3,Local-GAM,Local-GAM,coverage,100,100,0,TRUE,0,0,0,0,0,0,0,0,0,0,0,0,0,0,0,0
2re,6,100,3,Local-GAM,Local-GAM,rmw2,100,100,0,TRUE,0,0,0,0,0,0,0,0,0,0,0,0,0,0,0,0
2re,6,100,3,Local-GAM,Local-GAM,time,100,100,0,TRUE,0,0,0,0,0,0,0,0,0,0,0,0,0,0,0,0
2re,6,100,3,Oracle-GP,Individual oracle bound,RMISE,100,100,0,TRUE,0,0,0,0,0,0,0,0,0,0,0,0,0,0,0,0
2re,6,100,3,Oracle-GP,Individual oracle bound,ci_width,100,100,0,TRUE,0,0,0,0,0,0,0,0,0,0,0,0,0,0,0,0
2re,6,100,3,Oracle-GP,Individual oracle bound,coverage,100,100,0,TRUE,0,0,0,0,0,0,0,0,0,0,0,0,0,0,0,0
2re,6,100,3,Oracle-GP,Individual oracle bound,rmw2,100,0,1,FALSE,0,0,0,0,0,0,0,0,0,0,0,0,0,0,0,0
2re,6,100,3,Oracle-GP,Individual oracle bound,time,100,100,0,TRUE,0,0,0,0,0,0,0,0,0,0,0,0,0,0,0,0
2re,6,100,3,PACE,PACE,RMISE,100,100,0,TRUE,0,0,0,0,0,0,0,0,0,0,0,0,0,0,0,0
2re,6,100,3,PACE,PACE,ci_width,100,100,0,TRUE,0,0,0,0,0,0,0,0,0,0,0,0,0,0,0,0
2re,6,100,3,PACE,PACE,coverage,100,100,0,TRUE,0,0,0,0,0,0,0,0,0,0,0,0,0,0,0,0
2re,6,100,3,PACE,PACE,rmw2,100,100,0,TRUE,0,0,0,0,0,0,0,0,0,0,0,0,0,0,0,0
2re,6,100,3,PACE,PACE,time,100,100,0,TRUE,0,0,0,0,0,0,0,0,0,0,0,0,0,0,0,0
2re,6,100,3,bayesFPCA,bayesFPCA (oracle K),RMISE,100,100,0,TRUE,0,0,0,0,0,0,0,0,0,0,0,0,0,0,0,0
2re,6,100,3,bayesFPCA,bayesFPCA (oracle K),ci_width,100,100,0,TRUE,0,0,0,0,0,0,0,0,0,0,0,0,0,0,0,0
2re,6,100,3,bayesFPCA,bayesFPCA (oracle K),coverage,100,100,0,TRUE,0,0,0,0,0,0,0,0,0,0,0,0,0,0,0,0
2re,6,100,3,bayesFPCA,bayesFPCA (oracle K),rmw2,100,100,0,TRUE,0,0,0,0,0,0,0,0,0,0,0,0,0,0,0,0
2re,6,100,3,bayesFPCA,bayesFPCA (oracle K),time,100,100,0,TRUE,0,0,0,0,0,0,0,0,0,0,0,0,0,0,0,0
2re,10,200,3,AdaStruMM,AdaStruMM,RMISE,100,100,0,TRUE,0,0,0,0,0,0,0,0,0,0,0,0,0,0,0,0
2re,10,200,3,AdaStruMM,AdaStruMM,ci_width,100,100,0,TRUE,0,0,0,0,0,0,0,0,0,0,0,0,0,0,0,0
2re,10,200,3,AdaStruMM,AdaStruMM,coverage,100,100,0,TRUE,0,0,0,0,0,0,0,0,0,0,0,0,0,0,0,0
2re,10,200,3,AdaStruMM,AdaStruMM,rmw2,100,100,0,TRUE,0,0,0,0,0,0,0,0,0,0,0,0,0,0,0,0
2re,10,200,3,AdaStruMM,AdaStruMM,time,100,100,0,TRUE,0,0,0,0,0,0,0,0,0,0,0,0,0,0,0,0
2re,10,200,3,FACE,FACE,RMISE,100,100,0,TRUE,0,0,0,0,0,0,0,0,0,0,0,0,0,0,0,0
2re,10,200,3,FACE,FACE,ci_width,100,100,0,TRUE,0,0,0,0,0,0,0,0,0,0,0,0,0,0,0,0
2re,10,200,3,FACE,FACE,coverage,100,100,0,TRUE,0,0,0,0,0,0,0,0,0,0,0,0,0,0,0,0
2re,10,200,3,FACE,FACE,rmw2,100,100,0,TRUE,0,0,0,0,0,0,0,0,0,0,0,0,0,0,0,0
2re,10,200,3,FACE,FACE,time,100,100,0,TRUE,0,0,0,0,0,0,0,0,0,0,0,0,0,0,0,0
2re,10,200,3,HGAM-GS,HGAM-GS,RMISE,100,100,0,TRUE,0,0,0,0,0,0,0,0,0,0,0,0,0,0,0,0
2re,10,200,3,HGAM-GS,HGAM-GS,ci_width,100,100,0,TRUE,0,0,0,0,0,0,0,0,0,0,0,0,0,0,0,0
2re,10,200,3,HGAM-GS,HGAM-GS,coverage,100,100,0,TRUE,0,0,0,0,0,0,0,0,0,0,0,0,0,0,0,0
2re,10,200,3,HGAM-GS,HGAM-GS,rmw2,100,100,0,TRUE,0,0,0,0,0,0,0,0,0,0,0,0,0,0,0,0
2re,10,200,3,HGAM-GS,HGAM-GS,time,100,100,0,TRUE,0,0,0,0,0,0,0,0,0,0,0,0,0,0,0,0
2re,10,200,3,Local-GAM,Local-GAM,RMISE,100,99,0.010000000000000009,TRUE,0,0,0,0,1,0,0,0,0,0,0,0,0.01,0,0,0
2re,10,200,3,Local-GAM,Local-GAM,ci_width,100,99,0.010000000000000009,TRUE,0,0,0,0,1,0,0,0,0,0,0,0,0.01,0,0,0
2re,10,200,3,Local-GAM,Local-GAM,coverage,100,99,0.010000000000000009,TRUE,0,0,0,0,1,0,0,0,0,0,0,0,0.01,0,0,0
2re,10,200,3,Local-GAM,Local-GAM,rmw2,100,99,0.010000000000000009,TRUE,0,0,0,0,1,0,0,0,0,0,0,0,0.01,0,0,0
2re,10,200,3,Local-GAM,Local-GAM,time,100,100,0,TRUE,0,0,0,0,1,0,0,0,0,0,0,0,0.01,0,0,0
2re,10,200,3,Oracle-GP,Individual oracle bound,RMISE,100,100,0,TRUE,0,0,0,0,0,0,0,0,0,0,0,0,0,0,0,0
2re,10,200,3,Oracle-GP,Individual oracle bound,ci_width,100,100,0,TRUE,0,0,0,0,0,0,0,0,0,0,0,0,0,0,0,0
2re,10,200,3,Oracle-GP,Individual oracle bound,coverage,100,100,0,TRUE,0,0,0,0,0,0,0,0,0,0,0,0,0,0,0,0
2re,10,200,3,Oracle-GP,Individual oracle bound,rmw2,100,0,1,FALSE,0,0,0,0,0,0,0,0,0,0,0,0,0,0,0,0
2re,10,200,3,Oracle-GP,Individual oracle bound,time,100,100,0,TRUE,0,0,0,0,0,0,0,0,0,0,0,0,0,0,0,0
2re,10,200,3,PACE,PACE,RMISE,100,100,0,TRUE,0,0,0,0,0,0,0,0,0,0,0,0,0,0,0,0
2re,10,200,3,PACE,PACE,ci_width,100,100,0,TRUE,0,0,0,0,0,0,0,0,0,0,0,0,0,0,0,0
2re,10,200,3,PACE,PACE,coverage,100,100,0,TRUE,0,0,0,0,0,0,0,0,0,0,0,0,0,0,0,0
2re,10,200,3,PACE,PACE,rmw2,100,100,0,TRUE,0,0,0,0,0,0,0,0,0,0,0,0,0,0,0,0
2re,10,200,3,PACE,PACE,time,100,100,0,TRUE,0,0,0,0,0,0,0,0,0,0,0,0,0,0,0,0
2re,10,200,3,bayesFPCA,bayesFPCA (oracle K),RMISE,100,100,0,TRUE,0,0,0,0,0,0,0,0,0,0,0,0,0,0,0,0
2re,10,200,3,bayesFPCA,bayesFPCA (oracle K),ci_width,100,100,0,TRUE,0,0,0,0,0,0,0,0,0,0,0,0,0,0,0,0
2re,10,200,3,bayesFPCA,bayesFPCA (oracle K),coverage,100,100,0,TRUE,0,0,0,0,0,0,0,0,0,0,0,0,0,0,0,0
2re,10,200,3,bayesFPCA,bayesFPCA (oracle K),rmw2,100,100,0,TRUE,0,0,0,0,0,0,0,0,0,0,0,0,0,0,0,0
2re,10,200,3,bayesFPCA,bayesFPCA (oracle K),time,100,100,0,TRUE,0,0,0,0,0,0,0,0,0,0,0,0,0,0,0,0
2re,14,300,3,AdaStruMM,AdaStruMM,RMISE,100,100,0,TRUE,0,0,0,0,0,0,0,0,0,0,0,0,0,0,0,0
2re,14,300,3,AdaStruMM,AdaStruMM,ci_width,100,100,0,TRUE,0,0,0,0,0,0,0,0,0,0,0,0,0,0,0,0
2re,14,300,3,AdaStruMM,AdaStruMM,coverage,100,100,0,TRUE,0,0,0,0,0,0,0,0,0,0,0,0,0,0,0,0
2re,14,300,3,AdaStruMM,AdaStruMM,rmw2,100,100,0,TRUE,0,0,0,0,0,0,0,0,0,0,0,0,0,0,0,0
2re,14,300,3,AdaStruMM,AdaStruMM,time,100,100,0,TRUE,0,0,0,0,0,0,0,0,0,0,0,0,0,0,0,0
2re,14,300,3,FACE,FACE,RMISE,100,100,0,TRUE,0,0,0,0,0,0,0,0,0,0,0,0,0,0,0,0
2re,14,300,3,FACE,FACE,ci_width,100,100,0,TRUE,0,0,0,0,0,0,0,0,0,0,0,0,0,0,0,0
2re,14,300,3,FACE,FACE,coverage,100,100,0,TRUE,0,0,0,0,0,0,0,0,0,0,0,0,0,0,0,0
2re,14,300,3,FACE,FACE,rmw2,100,100,0,TRUE,0,0,0,0,0,0,0,0,0,0,0,0,0,0,0,0
2re,14,300,3,FACE,FACE,time,100,100,0,TRUE,0,0,0,0,0,0,0,0,0,0,0,0,0,0,0,0
2re,14,300,3,HGAM-GS,HGAM-GS,RMISE,100,100,0,TRUE,0,0,0,0,0,0,0,0,0,0,0,0,0,0,0,0
2re,14,300,3,HGAM-GS,HGAM-GS,ci_width,100,100,0,TRUE,0,0,0,0,0,0,0,0,0,0,0,0,0,0,0,0
2re,14,300,3,HGAM-GS,HGAM-GS,coverage,100,100,0,TRUE,0,0,0,0,0,0,0,0,0,0,0,0,0,0,0,0
2re,14,300,3,HGAM-GS,HGAM-GS,rmw2,100,100,0,TRUE,0,0,0,0,0,0,0,0,0,0,0,0,0,0,0,0
2re,14,300,3,HGAM-GS,HGAM-GS,time,100,100,0,TRUE,0,0,0,0,0,0,0,0,0,0,0,0,0,0,0,0
2re,14,300,3,Local-GAM,Local-GAM,RMISE,100,97,0.030000000000000027,TRUE,0,0,0,0,3,0,0,0,0,0,0,0,0.03,0,0,0
2re,14,300,3,Local-GAM,Local-GAM,ci_width,100,97,0.030000000000000027,TRUE,0,0,0,0,3,0,0,0,0,0,0,0,0.03,0,0,0
2re,14,300,3,Local-GAM,Local-GAM,coverage,100,97,0.030000000000000027,TRUE,0,0,0,0,3,0,0,0,0,0,0,0,0.03,0,0,0
2re,14,300,3,Local-GAM,Local-GAM,rmw2,100,97,0.030000000000000027,TRUE,0,0,0,0,3,0,0,0,0,0,0,0,0.03,0,0,0
2re,14,300,3,Local-GAM,Local-GAM,time,100,100,0,TRUE,0,0,0,0,3,0,0,0,0,0,0,0,0.03,0,0,0
2re,14,300,3,Oracle-GP,Individual oracle bound,RMISE,100,100,0,TRUE,0,0,0,0,0,0,0,0,0,0,0,0,0,0,0,0
2re,14,300,3,Oracle-GP,Individual oracle bound,ci_width,100,100,0,TRUE,0,0,0,0,0,0,0,0,0,0,0,0,0,0,0,0
2re,14,300,3,Oracle-GP,Individual oracle bound,coverage,100,100,0,TRUE,0,0,0,0,0,0,0,0,0,0,0,0,0,0,0,0
2re,14,300,3,Oracle-GP,Individual oracle bound,rmw2,100,0,1,FALSE,0,0,0,0,0,0,0,0,0,0,0,0,0,0,0,0
2re,14,300,3,Oracle-GP,Individual oracle bound,time,100,100,0,TRUE,0,0,0,0,0,0,0,0,0,0,0,0,0,0,0,0
2re,14,300,3,PACE,PACE,RMISE,100,100,0,TRUE,0,0,0,0,0,0,0,0,0,0,0,0,0,0,0,0
2re,14,300,3,PACE,PACE,ci_width,100,100,0,TRUE,0,0,0,0,0,0,0,0,0,0,0,0,0,0,0,0
2re,14,300,3,PACE,PACE,coverage,100,100,0,TRUE,0,0,0,0,0,0,0,0,0,0,0,0,0,0,0,0
2re,14,300,3,PACE,PACE,rmw2,100,100,0,TRUE,0,0,0,0,0,0,0,0,0,0,0,0,0,0,0,0
2re,14,300,3,PACE,PACE,time,100,100,0,TRUE,0,0,0,0,0,0,0,0,0,0,0,0,0,0,0,0
2re,14,300,3,bayesFPCA,bayesFPCA (oracle K),RMISE,100,100,0,TRUE,0,0,0,0,0,0,0,0,0,0,0,0,0,0,0,0
2re,14,300,3,bayesFPCA,bayesFPCA (oracle K),ci_width,100,100,0,TRUE,0,0,0,0,0,0,0,0,0,0,0,0,0,0,0,0
2re,14,300,3,bayesFPCA,bayesFPCA (oracle K),coverage,100,100,0,TRUE,0,0,0,0,0,0,0,0,0,0,0,0,0,0,0,0
2re,14,300,3,bayesFPCA,bayesFPCA (oracle K),rmw2,100,100,0,TRUE,0,0,0,0,0,0,0,0,0,0,0,0,0,0,0,0
2re,14,300,3,bayesFPCA,bayesFPCA (oracle K),time,100,100,0,TRUE,0,0,0,0,0,0,0,0,0,0,0,0,0,0,0,0
2re,18,400,3,AdaStruMM,AdaStruMM,RMISE,100,100,0,TRUE,0,0,0,0,0,0,0,0,0,0,0,0,0,0,0,0
2re,18,400,3,AdaStruMM,AdaStruMM,ci_width,100,100,0,TRUE,0,0,0,0,0,0,0,0,0,0,0,0,0,0,0,0
2re,18,400,3,AdaStruMM,AdaStruMM,coverage,100,100,0,TRUE,0,0,0,0,0,0,0,0,0,0,0,0,0,0,0,0
2re,18,400,3,AdaStruMM,AdaStruMM,rmw2,100,100,0,TRUE,0,0,0,0,0,0,0,0,0,0,0,0,0,0,0,0
2re,18,400,3,AdaStruMM,AdaStruMM,time,100,100,0,TRUE,0,0,0,0,0,0,0,0,0,0,0,0,0,0,0,0
2re,18,400,3,FACE,FACE,RMISE,100,100,0,TRUE,0,0,0,0,0,0,0,0,0,0,0,0,0,0,0,0
2re,18,400,3,FACE,FACE,ci_width,100,100,0,TRUE,0,0,0,0,0,0,0,0,0,0,0,0,0,0,0,0
2re,18,400,3,FACE,FACE,coverage,100,100,0,TRUE,0,0,0,0,0,0,0,0,0,0,0,0,0,0,0,0
2re,18,400,3,FACE,FACE,rmw2,100,100,0,TRUE,0,0,0,0,0,0,0,0,0,0,0,0,0,0,0,0
2re,18,400,3,FACE,FACE,time,100,100,0,TRUE,0,0,0,0,0,0,0,0,0,0,0,0,0,0,0,0
2re,18,400,3,HGAM-GS,HGAM-GS,RMISE,100,100,0,TRUE,0,0,0,0,0,0,0,0,0,0,0,0,0,0,0,0
2re,18,400,3,HGAM-GS,HGAM-GS,ci_width,100,100,0,TRUE,0,0,0,0,0,0,0,0,0,0,0,0,0,0,0,0
2re,18,400,3,HGAM-GS,HGAM-GS,coverage,100,100,0,TRUE,0,0,0,0,0,0,0,0,0,0,0,0,0,0,0,0
2re,18,400,3,HGAM-GS,HGAM-GS,rmw2,100,100,0,TRUE,0,0,0,0,0,0,0,0,0,0,0,0,0,0,0,0
2re,18,400,3,HGAM-GS,HGAM-GS,time,100,100,0,TRUE,0,0,0,0,0,0,0,0,0,0,0,0,0,0,0,0
2re,18,400,3,Local-GAM,Local-GAM,RMISE,100,98,0.020000000000000018,TRUE,0,0,0,0,2,0,0,0,0,0,0,0,0.02,0,0,0
2re,18,400,3,Local-GAM,Local-GAM,ci_width,100,98,0.020000000000000018,TRUE,0,0,0,0,2,0,0,0,0,0,0,0,0.02,0,0,0
2re,18,400,3,Local-GAM,Local-GAM,coverage,100,98,0.020000000000000018,TRUE,0,0,0,0,2,0,0,0,0,0,0,0,0.02,0,0,0
2re,18,400,3,Local-GAM,Local-GAM,rmw2,100,98,0.020000000000000018,TRUE,0,0,0,0,2,0,0,0,0,0,0,0,0.02,0,0,0
2re,18,400,3,Local-GAM,Local-GAM,time,100,100,0,TRUE,0,0,0,0,2,0,0,0,0,0,0,0,0.02,0,0,0
2re,18,400,3,Oracle-GP,Individual oracle bound,RMISE,100,100,0,TRUE,0,0,0,0,0,0,0,0,0,0,0,0,0,0,0,0
2re,18,400,3,Oracle-GP,Individual oracle bound,ci_width,100,100,0,TRUE,0,0,0,0,0,0,0,0,0,0,0,0,0,0,0,0
2re,18,400,3,Oracle-GP,Individual oracle bound,coverage,100,100,0,TRUE,0,0,0,0,0,0,0,0,0,0,0,0,0,0,0,0
2re,18,400,3,Oracle-GP,Individual oracle bound,rmw2,100,0,1,FALSE,0,0,0,0,0,0,0,0,0,0,0,0,0,0,0,0
2re,18,400,3,Oracle-GP,Individual oracle bound,time,100,100,0,TRUE,0,0,0,0,0,0,0,0,0,0,0,0,0,0,0,0
2re,18,400,3,PACE,PACE,RMISE,100,100,0,TRUE,0,0,0,0,0,0,0,0,0,0,0,0,0,0,0,0
2re,18,400,3,PACE,PACE,ci_width,100,100,0,TRUE,0,0,0,0,0,0,0,0,0,0,0,0,0,0,0,0
2re,18,400,3,PACE,PACE,coverage,100,100,0,TRUE,0,0,0,0,0,0,0,0,0,0,0,0,0,0,0,0
2re,18,400,3,PACE,PACE,rmw2,100,100,0,TRUE,0,0,0,0,0,0,0,0,0,0,0,0,0,0,0,0
2re,18,400,3,PACE,PACE,time,100,100,0,TRUE,0,0,0,0,0,0,0,0,0,0,0,0,0,0,0,0
2re,18,400,3,bayesFPCA,bayesFPCA (oracle K),RMISE,100,100,0,TRUE,0,0,0,0,0,0,0,0,0,0,0,0,0,0,0,0
2re,18,400,3,bayesFPCA,bayesFPCA (oracle K),ci_width,100,100,0,TRUE,0,0,0,0,0,0,0,0,0,0,0,0,0,0,0,0
2re,18,400,3,bayesFPCA,bayesFPCA (oracle K),coverage,100,100,0,TRUE,0,0,0,0,0,0,0,0,0,0,0,0,0,0,0,0
2re,18,400,3,bayesFPCA,bayesFPCA (oracle K),rmw2,100,100,0,TRUE,0,0,0,0,0,0,0,0,0,0,0,0,0,0,0,0
2re,18,400,3,bayesFPCA,bayesFPCA (oracle K),time,100,100,0,TRUE,0,0,0,0,0,0,0,0,0,0,0,0,0,0,0,0
2re,22,500,3,AdaStruMM,AdaStruMM,RMISE,100,100,0,TRUE,0,0,0,0,0,0,0,0,0,0,0,0,0,0,0,0
2re,22,500,3,AdaStruMM,AdaStruMM,ci_width,100,100,0,TRUE,0,0,0,0,0,0,0,0,0,0,0,0,0,0,0,0
2re,22,500,3,AdaStruMM,AdaStruMM,coverage,100,100,0,TRUE,0,0,0,0,0,0,0,0,0,0,0,0,0,0,0,0
2re,22,500,3,AdaStruMM,AdaStruMM,rmw2,100,100,0,TRUE,0,0,0,0,0,0,0,0,0,0,0,0,0,0,0,0
2re,22,500,3,AdaStruMM,AdaStruMM,time,100,100,0,TRUE,0,0,0,0,0,0,0,0,0,0,0,0,0,0,0,0
2re,22,500,3,FACE,FACE,RMISE,100,100,0,TRUE,0,0,0,0,0,0,0,0,0,0,0,0,0,0,0,0
2re,22,500,3,FACE,FACE,ci_width,100,100,0,TRUE,0,0,0,0,0,0,0,0,0,0,0,0,0,0,0,0
2re,22,500,3,FACE,FACE,coverage,100,100,0,TRUE,0,0,0,0,0,0,0,0,0,0,0,0,0,0,0,0
2re,22,500,3,FACE,FACE,rmw2,100,100,0,TRUE,0,0,0,0,0,0,0,0,0,0,0,0,0,0,0,0
2re,22,500,3,FACE,FACE,time,100,100,0,TRUE,0,0,0,0,0,0,0,0,0,0,0,0,0,0,0,0
2re,22,500,3,HGAM-GS,HGAM-GS,RMISE,100,100,0,TRUE,0,0,0,0,0,0,0,0,0,0,0,0,0,0,0,0
2re,22,500,3,HGAM-GS,HGAM-GS,ci_width,100,100,0,TRUE,0,0,0,0,0,0,0,0,0,0,0,0,0,0,0,0
2re,22,500,3,HGAM-GS,HGAM-GS,coverage,100,100,0,TRUE,0,0,0,0,0,0,0,0,0,0,0,0,0,0,0,0
2re,22,500,3,HGAM-GS,HGAM-GS,rmw2,100,100,0,TRUE,0,0,0,0,0,0,0,0,0,0,0,0,0,0,0,0
2re,22,500,3,HGAM-GS,HGAM-GS,time,100,100,0,TRUE,0,0,0,0,0,0,0,0,0,0,0,0,0,0,0,0
2re,22,500,3,Local-GAM,Local-GAM,RMISE,100,97,0.030000000000000027,TRUE,0,0,0,0,3,0,0,0,0,0,0,0,0.03,0,0,0
2re,22,500,3,Local-GAM,Local-GAM,ci_width,100,97,0.030000000000000027,TRUE,0,0,0,0,3,0,0,0,0,0,0,0,0.03,0,0,0
2re,22,500,3,Local-GAM,Local-GAM,coverage,100,97,0.030000000000000027,TRUE,0,0,0,0,3,0,0,0,0,0,0,0,0.03,0,0,0
2re,22,500,3,Local-GAM,Local-GAM,rmw2,100,97,0.030000000000000027,TRUE,0,0,0,0,3,0,0,0,0,0,0,0,0.03,0,0,0
2re,22,500,3,Local-GAM,Local-GAM,time,100,100,0,TRUE,0,0,0,0,3,0,0,0,0,0,0,0,0.03,0,0,0
2re,22,500,3,Oracle-GP,Individual oracle bound,RMISE,100,100,0,TRUE,0,0,0,0,0,0,0,0,0,0,0,0,0,0,0,0
2re,22,500,3,Oracle-GP,Individual oracle bound,ci_width,100,100,0,TRUE,0,0,0,0,0,0,0,0,0,0,0,0,0,0,0,0
2re,22,500,3,Oracle-GP,Individual oracle bound,coverage,100,100,0,TRUE,0,0,0,0,0,0,0,0,0,0,0,0,0,0,0,0
2re,22,500,3,Oracle-GP,Individual oracle bound,rmw2,100,0,1,FALSE,0,0,0,0,0,0,0,0,0,0,0,0,0,0,0,0
2re,22,500,3,Oracle-GP,Individual oracle bound,time,100,100,0,TRUE,0,0,0,0,0,0,0,0,0,0,0,0,0,0,0,0
2re,22,500,3,PACE,PACE,RMISE,100,100,0,TRUE,0,0,0,0,0,0,0,0,0,0,0,0,0,0,0,0
2re,22,500,3,PACE,PACE,ci_width,100,100,0,TRUE,0,0,0,0,0,0,0,0,0,0,0,0,0,0,0,0
2re,22,500,3,PACE,PACE,coverage,100,100,0,TRUE,0,0,0,0,0,0,0,0,0,0,0,0,0,0,0,0
2re,22,500,3,PACE,PACE,rmw2,100,100,0,TRUE,0,0,0,0,0,0,0,0,0,0,0,0,0,0,0,0
2re,22,500,3,PACE,PACE,time,100,100,0,TRUE,0,0,0,0,0,0,0,0,0,0,0,0,0,0,0,0
2re,22,500,3,bayesFPCA,bayesFPCA (oracle K),RMISE,100,100,0,TRUE,0,0,0,0,0,0,0,0,0,0,0,0,0,0,0,0
2re,22,500,3,bayesFPCA,bayesFPCA (oracle K),ci_width,100,100,0,TRUE,0,0,0,0,0,0,0,0,0,0,0,0,0,0,0,0
2re,22,500,3,bayesFPCA,bayesFPCA (oracle K),coverage,100,100,0,TRUE,0,0,0,0,0,0,0,0,0,0,0,0,0,0,0,0
2re,22,500,3,bayesFPCA,bayesFPCA (oracle K),rmw2,100,100,0,TRUE,0,0,0,0,0,0,0,0,0,0,0,0,0,0,0,0
2re,22,500,3,bayesFPCA,bayesFPCA (oracle K),time,100,100,0,TRUE,0,0,0,0,0,0,0,0,0,0,0,0,0,0,0,0
2re,3,50,5,AdaStruMM,AdaStruMM,RMISE,100,100,0,TRUE,0,0,0,0,0,0,0,0,0,0,0,0,0,0,0,0
2re,3,50,5,AdaStruMM,AdaStruMM,ci_width,100,100,0,TRUE,0,0,0,0,0,0,0,0,0,0,0,0,0,0,0,0
2re,3,50,5,AdaStruMM,AdaStruMM,coverage,100,100,0,TRUE,0,0,0,0,0,0,0,0,0,0,0,0,0,0,0,0
2re,3,50,5,AdaStruMM,AdaStruMM,rmw2,100,100,0,TRUE,0,0,0,0,0,0,0,0,0,0,0,0,0,0,0,0
2re,3,50,5,AdaStruMM,AdaStruMM,time,100,100,0,TRUE,0,0,0,0,0,0,0,0,0,0,0,0,0,0,0,0
2re,3,50,5,FACE,FACE,RMISE,100,100,0,TRUE,0,0,0,0,0,0,0,0,0,0,0,0,0,0,0,0
2re,3,50,5,FACE,FACE,ci_width,100,100,0,TRUE,0,0,0,0,0,0,0,0,0,0,0,0,0,0,0,0
2re,3,50,5,FACE,FACE,coverage,100,100,0,TRUE,0,0,0,0,0,0,0,0,0,0,0,0,0,0,0,0
2re,3,50,5,FACE,FACE,rmw2,100,100,0,TRUE,0,0,0,0,0,0,0,0,0,0,0,0,0,0,0,0
2re,3,50,5,FACE,FACE,time,100,100,0,TRUE,0,0,0,0,0,0,0,0,0,0,0,0,0,0,0,0
2re,3,50,5,HGAM-GS,HGAM-GS,RMISE,100,100,0,TRUE,0,0,0,0,0,0,0,0,0,0,0,0,0,0,0,0
2re,3,50,5,HGAM-GS,HGAM-GS,ci_width,100,100,0,TRUE,0,0,0,0,0,0,0,0,0,0,0,0,0,0,0,0
2re,3,50,5,HGAM-GS,HGAM-GS,coverage,100,100,0,TRUE,0,0,0,0,0,0,0,0,0,0,0,0,0,0,0,0
2re,3,50,5,HGAM-GS,HGAM-GS,rmw2,100,100,0,TRUE,0,0,0,0,0,0,0,0,0,0,0,0,0,0,0,0
2re,3,50,5,HGAM-GS,HGAM-GS,time,100,100,0,TRUE,0,0,0,0,0,0,0,0,0,0,0,0,0,0,0,0
2re,3,50,5,Local-GAM,Local-GAM,RMISE,100,100,0,TRUE,0,0,0,0,0,0,0,0,0,0,0,0,0,0,0,0
2re,3,50,5,Local-GAM,Local-GAM,ci_width,100,100,0,TRUE,0,0,0,0,0,0,0,0,0,0,0,0,0,0,0,0
2re,3,50,5,Local-GAM,Local-GAM,coverage,100,100,0,TRUE,0,0,0,0,0,0,0,0,0,0,0,0,0,0,0,0
2re,3,50,5,Local-GAM,Local-GAM,rmw2,100,100,0,TRUE,0,0,0,0,0,0,0,0,0,0,0,0,0,0,0,0
2re,3,50,5,Local-GAM,Local-GAM,time,100,100,0,TRUE,0,0,0,0,0,0,0,0,0,0,0,0,0,0,0,0
2re,3,50,5,Oracle-GP,Individual oracle bound,RMISE,100,100,0,TRUE,0,0,0,0,0,0,0,0,0,0,0,0,0,0,0,0
2re,3,50,5,Oracle-GP,Individual oracle bound,ci_width,100,100,0,TRUE,0,0,0,0,0,0,0,0,0,0,0,0,0,0,0,0
2re,3,50,5,Oracle-GP,Individual oracle bound,coverage,100,100,0,TRUE,0,0,0,0,0,0,0,0,0,0,0,0,0,0,0,0
2re,3,50,5,Oracle-GP,Individual oracle bound,rmw2,100,0,1,FALSE,0,0,0,0,0,0,0,0,0,0,0,0,0,0,0,0
2re,3,50,5,Oracle-GP,Individual oracle bound,time,100,100,0,TRUE,0,0,0,0,0,0,0,0,0,0,0,0,0,0,0,0
2re,3,50,5,PACE,PACE,RMISE,100,100,0,TRUE,0,0,0,0,0,0,0,0,0,0,0,0,0,0,0,0
2re,3,50,5,PACE,PACE,ci_width,100,100,0,TRUE,0,0,0,0,0,0,0,0,0,0,0,0,0,0,0,0
2re,3,50,5,PACE,PACE,coverage,100,100,0,TRUE,0,0,0,0,0,0,0,0,0,0,0,0,0,0,0,0
2re,3,50,5,PACE,PACE,rmw2,100,100,0,TRUE,0,0,0,0,0,0,0,0,0,0,0,0,0,0,0,0
2re,3,50,5,PACE,PACE,time,100,100,0,TRUE,0,0,0,0,0,0,0,0,0,0,0,0,0,0,0,0
2re,3,50,5,bayesFPCA,bayesFPCA (oracle K),RMISE,100,100,0,TRUE,0,0,0,0,0,0,0,0,0,0,0,0,0,0,0,0
2re,3,50,5,bayesFPCA,bayesFPCA (oracle K),ci_width,100,100,0,TRUE,0,0,0,0,0,0,0,0,0,0,0,0,0,0,0,0
2re,3,50,5,bayesFPCA,bayesFPCA (oracle K),coverage,100,100,0,TRUE,0,0,0,0,0,0,0,0,0,0,0,0,0,0,0,0
2re,3,50,5,bayesFPCA,bayesFPCA (oracle K),rmw2,100,100,0,TRUE,0,0,0,0,0,0,0,0,0,0,0,0,0,0,0,0
2re,3,50,5,bayesFPCA,bayesFPCA (oracle K),time,100,100,0,TRUE,0,0,0,0,0,0,0,0,0,0,0,0,0,0,0,0
2re,7,100,5,AdaStruMM,AdaStruMM,RMISE,100,100,0,TRUE,0,0,0,0,0,0,0,0,0,0,0,0,0,0,0,0
2re,7,100,5,AdaStruMM,AdaStruMM,ci_width,100,100,0,TRUE,0,0,0,0,0,0,0,0,0,0,0,0,0,0,0,0
2re,7,100,5,AdaStruMM,AdaStruMM,coverage,100,100,0,TRUE,0,0,0,0,0,0,0,0,0,0,0,0,0,0,0,0
2re,7,100,5,AdaStruMM,AdaStruMM,rmw2,100,100,0,TRUE,0,0,0,0,0,0,0,0,0,0,0,0,0,0,0,0
2re,7,100,5,AdaStruMM,AdaStruMM,time,100,100,0,TRUE,0,0,0,0,0,0,0,0,0,0,0,0,0,0,0,0
2re,7,100,5,FACE,FACE,RMISE,100,100,0,TRUE,0,0,0,0,0,0,0,0,0,0,0,0,0,0,0,0
2re,7,100,5,FACE,FACE,ci_width,100,100,0,TRUE,0,0,0,0,0,0,0,0,0,0,0,0,0,0,0,0
2re,7,100,5,FACE,FACE,coverage,100,100,0,TRUE,0,0,0,0,0,0,0,0,0,0,0,0,0,0,0,0
2re,7,100,5,FACE,FACE,rmw2,100,100,0,TRUE,0,0,0,0,0,0,0,0,0,0,0,0,0,0,0,0
2re,7,100,5,FACE,FACE,time,100,100,0,TRUE,0,0,0,0,0,0,0,0,0,0,0,0,0,0,0,0
2re,7,100,5,HGAM-GS,HGAM-GS,RMISE,100,100,0,TRUE,0,0,0,0,0,0,0,0,0,0,0,0,0,0,0,0
2re,7,100,5,HGAM-GS,HGAM-GS,ci_width,100,100,0,TRUE,0,0,0,0,0,0,0,0,0,0,0,0,0,0,0,0
2re,7,100,5,HGAM-GS,HGAM-GS,coverage,100,100,0,TRUE,0,0,0,0,0,0,0,0,0,0,0,0,0,0,0,0
2re,7,100,5,HGAM-GS,HGAM-GS,rmw2,100,100,0,TRUE,0,0,0,0,0,0,0,0,0,0,0,0,0,0,0,0
2re,7,100,5,HGAM-GS,HGAM-GS,time,100,100,0,TRUE,0,0,0,0,0,0,0,0,0,0,0,0,0,0,0,0
2re,7,100,5,Local-GAM,Local-GAM,RMISE,100,100,0,TRUE,0,0,0,0,0,0,0,0,0,0,0,0,0,0,0,0
2re,7,100,5,Local-GAM,Local-GAM,ci_width,100,100,0,TRUE,0,0,0,0,0,0,0,0,0,0,0,0,0,0,0,0
2re,7,100,5,Local-GAM,Local-GAM,coverage,100,100,0,TRUE,0,0,0,0,0,0,0,0,0,0,0,0,0,0,0,0
2re,7,100,5,Local-GAM,Local-GAM,rmw2,100,100,0,TRUE,0,0,0,0,0,0,0,0,0,0,0,0,0,0,0,0
2re,7,100,5,Local-GAM,Local-GAM,time,100,100,0,TRUE,0,0,0,0,0,0,0,0,0,0,0,0,0,0,0,0
2re,7,100,5,Oracle-GP,Individual oracle bound,RMISE,100,100,0,TRUE,0,0,0,0,0,0,0,0,0,0,0,0,0,0,0,0
2re,7,100,5,Oracle-GP,Individual oracle bound,ci_width,100,100,0,TRUE,0,0,0,0,0,0,0,0,0,0,0,0,0,0,0,0
2re,7,100,5,Oracle-GP,Individual oracle bound,coverage,100,100,0,TRUE,0,0,0,0,0,0,0,0,0,0,0,0,0,0,0,0
2re,7,100,5,Oracle-GP,Individual oracle bound,rmw2,100,0,1,FALSE,0,0,0,0,0,0,0,0,0,0,0,0,0,0,0,0
2re,7,100,5,Oracle-GP,Individual oracle bound,time,100,100,0,TRUE,0,0,0,0,0,0,0,0,0,0,0,0,0,0,0,0
2re,7,100,5,PACE,PACE,RMISE,100,100,0,TRUE,0,0,0,0,0,0,0,0,0,0,0,0,0,0,0,0
2re,7,100,5,PACE,PACE,ci_width,100,100,0,TRUE,0,0,0,0,0,0,0,0,0,0,0,0,0,0,0,0
2re,7,100,5,PACE,PACE,coverage,100,100,0,TRUE,0,0,0,0,0,0,0,0,0,0,0,0,0,0,0,0
2re,7,100,5,PACE,PACE,rmw2,100,100,0,TRUE,0,0,0,0,0,0,0,0,0,0,0,0,0,0,0,0
2re,7,100,5,PACE,PACE,time,100,100,0,TRUE,0,0,0,0,0,0,0,0,0,0,0,0,0,0,0,0
2re,7,100,5,bayesFPCA,bayesFPCA (oracle K),RMISE,100,100,0,TRUE,0,0,0,0,0,0,0,0,0,0,0,0,0,0,0,0
2re,7,100,5,bayesFPCA,bayesFPCA (oracle K),ci_width,100,100,0,TRUE,0,0,0,0,0,0,0,0,0,0,0,0,0,0,0,0
2re,7,100,5,bayesFPCA,bayesFPCA (oracle K),coverage,100,100,0,TRUE,0,0,0,0,0,0,0,0,0,0,0,0,0,0,0,0
2re,7,100,5,bayesFPCA,bayesFPCA (oracle K),rmw2,100,100,0,TRUE,0,0,0,0,0,0,0,0,0,0,0,0,0,0,0,0
2re,7,100,5,bayesFPCA,bayesFPCA (oracle K),time,100,100,0,TRUE,0,0,0,0,0,0,0,0,0,0,0,0,0,0,0,0
2re,11,200,5,AdaStruMM,AdaStruMM,RMISE,100,100,0,TRUE,0,0,0,0,0,0,0,0,0,0,0,0,0,0,0,0
2re,11,200,5,AdaStruMM,AdaStruMM,ci_width,100,100,0,TRUE,0,0,0,0,0,0,0,0,0,0,0,0,0,0,0,0
2re,11,200,5,AdaStruMM,AdaStruMM,coverage,100,100,0,TRUE,0,0,0,0,0,0,0,0,0,0,0,0,0,0,0,0
2re,11,200,5,AdaStruMM,AdaStruMM,rmw2,100,100,0,TRUE,0,0,0,0,0,0,0,0,0,0,0,0,0,0,0,0
2re,11,200,5,AdaStruMM,AdaStruMM,time,100,100,0,TRUE,0,0,0,0,0,0,0,0,0,0,0,0,0,0,0,0
2re,11,200,5,FACE,FACE,RMISE,100,100,0,TRUE,0,0,0,0,0,0,0,0,0,0,0,0,0,0,0,0
2re,11,200,5,FACE,FACE,ci_width,100,100,0,TRUE,0,0,0,0,0,0,0,0,0,0,0,0,0,0,0,0
2re,11,200,5,FACE,FACE,coverage,100,100,0,TRUE,0,0,0,0,0,0,0,0,0,0,0,0,0,0,0,0
2re,11,200,5,FACE,FACE,rmw2,100,100,0,TRUE,0,0,0,0,0,0,0,0,0,0,0,0,0,0,0,0
2re,11,200,5,FACE,FACE,time,100,100,0,TRUE,0,0,0,0,0,0,0,0,0,0,0,0,0,0,0,0
2re,11,200,5,HGAM-GS,HGAM-GS,RMISE,100,100,0,TRUE,0,0,0,0,0,0,0,0,0,0,0,0,0,0,0,0
2re,11,200,5,HGAM-GS,HGAM-GS,ci_width,100,100,0,TRUE,0,0,0,0,0,0,0,0,0,0,0,0,0,0,0,0
2re,11,200,5,HGAM-GS,HGAM-GS,coverage,100,100,0,TRUE,0,0,0,0,0,0,0,0,0,0,0,0,0,0,0,0
2re,11,200,5,HGAM-GS,HGAM-GS,rmw2,100,100,0,TRUE,0,0,0,0,0,0,0,0,0,0,0,0,0,0,0,0
2re,11,200,5,HGAM-GS,HGAM-GS,time,100,100,0,TRUE,0,0,0,0,0,0,0,0,0,0,0,0,0,0,0,0
2re,11,200,5,Local-GAM,Local-GAM,RMISE,100,100,0,TRUE,0,0,0,0,0,0,0,0,0,0,0,0,0,0,0,0
2re,11,200,5,Local-GAM,Local-GAM,ci_width,100,100,0,TRUE,0,0,0,0,0,0,0,0,0,0,0,0,0,0,0,0
2re,11,200,5,Local-GAM,Local-GAM,coverage,100,100,0,TRUE,0,0,0,0,0,0,0,0,0,0,0,0,0,0,0,0
2re,11,200,5,Local-GAM,Local-GAM,rmw2,100,100,0,TRUE,0,0,0,0,0,0,0,0,0,0,0,0,0,0,0,0
2re,11,200,5,Local-GAM,Local-GAM,time,100,100,0,TRUE,0,0,0,0,0,0,0,0,0,0,0,0,0,0,0,0
2re,11,200,5,Oracle-GP,Individual oracle bound,RMISE,100,100,0,TRUE,0,0,0,0,0,0,0,0,0,0,0,0,0,0,0,0
2re,11,200,5,Oracle-GP,Individual oracle bound,ci_width,100,100,0,TRUE,0,0,0,0,0,0,0,0,0,0,0,0,0,0,0,0
2re,11,200,5,Oracle-GP,Individual oracle bound,coverage,100,100,0,TRUE,0,0,0,0,0,0,0,0,0,0,0,0,0,0,0,0
2re,11,200,5,Oracle-GP,Individual oracle bound,rmw2,100,0,1,FALSE,0,0,0,0,0,0,0,0,0,0,0,0,0,0,0,0
2re,11,200,5,Oracle-GP,Individual oracle bound,time,100,100,0,TRUE,0,0,0,0,0,0,0,0,0,0,0,0,0,0,0,0
2re,11,200,5,PACE,PACE,RMISE,100,100,0,TRUE,0,0,0,0,0,0,0,0,0,0,0,0,0,0,0,0
2re,11,200,5,PACE,PACE,ci_width,100,100,0,TRUE,0,0,0,0,0,0,0,0,0,0,0,0,0,0,0,0
2re,11,200,5,PACE,PACE,coverage,100,100,0,TRUE,0,0,0,0,0,0,0,0,0,0,0,0,0,0,0,0
2re,11,200,5,PACE,PACE,rmw2,100,100,0,TRUE,0,0,0,0,0,0,0,0,0,0,0,0,0,0,0,0
2re,11,200,5,PACE,PACE,time,100,100,0,TRUE,0,0,0,0,0,0,0,0,0,0,0,0,0,0,0,0
2re,11,200,5,bayesFPCA,bayesFPCA (oracle K),RMISE,100,100,0,TRUE,0,0,0,0,0,0,0,0,0,0,0,0,0,0,0,0
2re,11,200,5,bayesFPCA,bayesFPCA (oracle K),ci_width,100,100,0,TRUE,0,0,0,0,0,0,0,0,0,0,0,0,0,0,0,0
2re,11,200,5,bayesFPCA,bayesFPCA (oracle K),coverage,100,100,0,TRUE,0,0,0,0,0,0,0,0,0,0,0,0,0,0,0,0
2re,11,200,5,bayesFPCA,bayesFPCA (oracle K),rmw2,100,100,0,TRUE,0,0,0,0,0,0,0,0,0,0,0,0,0,0,0,0
2re,11,200,5,bayesFPCA,bayesFPCA (oracle K),time,100,100,0,TRUE,0,0,0,0,0,0,0,0,0,0,0,0,0,0,0,0
2re,15,300,5,AdaStruMM,AdaStruMM,RMISE,100,100,0,TRUE,0,0,0,0,0,0,0,0,0,0,0,0,0,0,0,0
2re,15,300,5,AdaStruMM,AdaStruMM,ci_width,100,100,0,TRUE,0,0,0,0,0,0,0,0,0,0,0,0,0,0,0,0
2re,15,300,5,AdaStruMM,AdaStruMM,coverage,100,100,0,TRUE,0,0,0,0,0,0,0,0,0,0,0,0,0,0,0,0
2re,15,300,5,AdaStruMM,AdaStruMM,rmw2,100,100,0,TRUE,0,0,0,0,0,0,0,0,0,0,0,0,0,0,0,0
2re,15,300,5,AdaStruMM,AdaStruMM,time,100,100,0,TRUE,0,0,0,0,0,0,0,0,0,0,0,0,0,0,0,0
2re,15,300,5,FACE,FACE,RMISE,100,100,0,TRUE,0,0,0,0,0,0,0,0,0,0,0,0,0,0,0,0
2re,15,300,5,FACE,FACE,ci_width,100,100,0,TRUE,0,0,0,0,0,0,0,0,0,0,0,0,0,0,0,0
2re,15,300,5,FACE,FACE,coverage,100,100,0,TRUE,0,0,0,0,0,0,0,0,0,0,0,0,0,0,0,0
2re,15,300,5,FACE,FACE,rmw2,100,100,0,TRUE,0,0,0,0,0,0,0,0,0,0,0,0,0,0,0,0
2re,15,300,5,FACE,FACE,time,100,100,0,TRUE,0,0,0,0,0,0,0,0,0,0,0,0,0,0,0,0
2re,15,300,5,HGAM-GS,HGAM-GS,RMISE,100,100,0,TRUE,0,0,0,0,0,0,0,0,0,0,0,0,0,0,0,0
2re,15,300,5,HGAM-GS,HGAM-GS,ci_width,100,100,0,TRUE,0,0,0,0,0,0,0,0,0,0,0,0,0,0,0,0
2re,15,300,5,HGAM-GS,HGAM-GS,coverage,100,100,0,TRUE,0,0,0,0,0,0,0,0,0,0,0,0,0,0,0,0
2re,15,300,5,HGAM-GS,HGAM-GS,rmw2,100,100,0,TRUE,0,0,0,0,0,0,0,0,0,0,0,0,0,0,0,0
2re,15,300,5,HGAM-GS,HGAM-GS,time,100,100,0,TRUE,0,0,0,0,0,0,0,0,0,0,0,0,0,0,0,0
2re,15,300,5,Local-GAM,Local-GAM,RMISE,100,100,0,TRUE,0,0,0,0,0,0,0,0,0,0,0,0,0,0,0,0
2re,15,300,5,Local-GAM,Local-GAM,ci_width,100,100,0,TRUE,0,0,0,0,0,0,0,0,0,0,0,0,0,0,0,0
2re,15,300,5,Local-GAM,Local-GAM,coverage,100,100,0,TRUE,0,0,0,0,0,0,0,0,0,0,0,0,0,0,0,0
2re,15,300,5,Local-GAM,Local-GAM,rmw2,100,100,0,TRUE,0,0,0,0,0,0,0,0,0,0,0,0,0,0,0,0
2re,15,300,5,Local-GAM,Local-GAM,time,100,100,0,TRUE,0,0,0,0,0,0,0,0,0,0,0,0,0,0,0,0
2re,15,300,5,Oracle-GP,Individual oracle bound,RMISE,100,100,0,TRUE,0,0,0,0,0,0,0,0,0,0,0,0,0,0,0,0
2re,15,300,5,Oracle-GP,Individual oracle bound,ci_width,100,100,0,TRUE,0,0,0,0,0,0,0,0,0,0,0,0,0,0,0,0
2re,15,300,5,Oracle-GP,Individual oracle bound,coverage,100,100,0,TRUE,0,0,0,0,0,0,0,0,0,0,0,0,0,0,0,0
2re,15,300,5,Oracle-GP,Individual oracle bound,rmw2,100,0,1,FALSE,0,0,0,0,0,0,0,0,0,0,0,0,0,0,0,0
2re,15,300,5,Oracle-GP,Individual oracle bound,time,100,100,0,TRUE,0,0,0,0,0,0,0,0,0,0,0,0,0,0,0,0
2re,15,300,5,PACE,PACE,RMISE,100,100,0,TRUE,0,0,0,0,0,0,0,0,0,0,0,0,0,0,0,0
2re,15,300,5,PACE,PACE,ci_width,100,100,0,TRUE,0,0,0,0,0,0,0,0,0,0,0,0,0,0,0,0
2re,15,300,5,PACE,PACE,coverage,100,100,0,TRUE,0,0,0,0,0,0,0,0,0,0,0,0,0,0,0,0
2re,15,300,5,PACE,PACE,rmw2,100,100,0,TRUE,0,0,0,0,0,0,0,0,0,0,0,0,0,0,0,0
2re,15,300,5,PACE,PACE,time,100,100,0,TRUE,0,0,0,0,0,0,0,0,0,0,0,0,0,0,0,0
2re,15,300,5,bayesFPCA,bayesFPCA (oracle K),RMISE,100,100,0,TRUE,0,0,0,0,0,0,0,0,0,0,0,0,0,0,0,0
2re,15,300,5,bayesFPCA,bayesFPCA (oracle K),ci_width,100,100,0,TRUE,0,0,0,0,0,0,0,0,0,0,0,0,0,0,0,0
2re,15,300,5,bayesFPCA,bayesFPCA (oracle K),coverage,100,100,0,TRUE,0,0,0,0,0,0,0,0,0,0,0,0,0,0,0,0
2re,15,300,5,bayesFPCA,bayesFPCA (oracle K),rmw2,100,100,0,TRUE,0,0,0,0,0,0,0,0,0,0,0,0,0,0,0,0
2re,15,300,5,bayesFPCA,bayesFPCA (oracle K),time,100,100,0,TRUE,0,0,0,0,0,0,0,0,0,0,0,0,0,0,0,0
2re,19,400,5,AdaStruMM,AdaStruMM,RMISE,100,100,0,TRUE,0,0,0,0,0,0,0,0,0,0,0,0,0,0,0,0
2re,19,400,5,AdaStruMM,AdaStruMM,ci_width,100,100,0,TRUE,0,0,0,0,0,0,0,0,0,0,0,0,0,0,0,0
2re,19,400,5,AdaStruMM,AdaStruMM,coverage,100,100,0,TRUE,0,0,0,0,0,0,0,0,0,0,0,0,0,0,0,0
2re,19,400,5,AdaStruMM,AdaStruMM,rmw2,100,100,0,TRUE,0,0,0,0,0,0,0,0,0,0,0,0,0,0,0,0
2re,19,400,5,AdaStruMM,AdaStruMM,time,100,100,0,TRUE,0,0,0,0,0,0,0,0,0,0,0,0,0,0,0,0
2re,19,400,5,FACE,FACE,RMISE,100,100,0,TRUE,0,0,0,0,0,0,0,0,0,0,0,0,0,0,0,0
2re,19,400,5,FACE,FACE,ci_width,100,100,0,TRUE,0,0,0,0,0,0,0,0,0,0,0,0,0,0,0,0
2re,19,400,5,FACE,FACE,coverage,100,100,0,TRUE,0,0,0,0,0,0,0,0,0,0,0,0,0,0,0,0
2re,19,400,5,FACE,FACE,rmw2,100,100,0,TRUE,0,0,0,0,0,0,0,0,0,0,0,0,0,0,0,0
2re,19,400,5,FACE,FACE,time,100,100,0,TRUE,0,0,0,0,0,0,0,0,0,0,0,0,0,0,0,0
2re,19,400,5,HGAM-GS,HGAM-GS,RMISE,100,100,0,TRUE,0,0,0,0,0,0,0,0,0,0,0,0,0,0,0,0
2re,19,400,5,HGAM-GS,HGAM-GS,ci_width,100,100,0,TRUE,0,0,0,0,0,0,0,0,0,0,0,0,0,0,0,0
2re,19,400,5,HGAM-GS,HGAM-GS,coverage,100,100,0,TRUE,0,0,0,0,0,0,0,0,0,0,0,0,0,0,0,0
2re,19,400,5,HGAM-GS,HGAM-GS,rmw2,100,100,0,TRUE,0,0,0,0,0,0,0,0,0,0,0,0,0,0,0,0
2re,19,400,5,HGAM-GS,HGAM-GS,time,100,100,0,TRUE,0,0,0,0,0,0,0,0,0,0,0,0,0,0,0,0
2re,19,400,5,Local-GAM,Local-GAM,RMISE,100,100,0,TRUE,0,0,0,0,0,0,0,0,0,0,0,0,0,0,0,0
2re,19,400,5,Local-GAM,Local-GAM,ci_width,100,100,0,TRUE,0,0,0,0,0,0,0,0,0,0,0,0,0,0,0,0
2re,19,400,5,Local-GAM,Local-GAM,coverage,100,100,0,TRUE,0,0,0,0,0,0,0,0,0,0,0,0,0,0,0,0
2re,19,400,5,Local-GAM,Local-GAM,rmw2,100,100,0,TRUE,0,0,0,0,0,0,0,0,0,0,0,0,0,0,0,0
2re,19,400,5,Local-GAM,Local-GAM,time,100,100,0,TRUE,0,0,0,0,0,0,0,0,0,0,0,0,0,0,0,0
2re,19,400,5,Oracle-GP,Individual oracle bound,RMISE,100,100,0,TRUE,0,0,0,0,0,0,0,0,0,0,0,0,0,0,0,0
2re,19,400,5,Oracle-GP,Individual oracle bound,ci_width,100,100,0,TRUE,0,0,0,0,0,0,0,0,0,0,0,0,0,0,0,0
2re,19,400,5,Oracle-GP,Individual oracle bound,coverage,100,100,0,TRUE,0,0,0,0,0,0,0,0,0,0,0,0,0,0,0,0
2re,19,400,5,Oracle-GP,Individual oracle bound,rmw2,100,0,1,FALSE,0,0,0,0,0,0,0,0,0,0,0,0,0,0,0,0
2re,19,400,5,Oracle-GP,Individual oracle bound,time,100,100,0,TRUE,0,0,0,0,0,0,0,0,0,0,0,0,0,0,0,0
2re,19,400,5,PACE,PACE,RMISE,100,100,0,TRUE,0,0,0,0,0,0,0,0,0,0,0,0,0,0,0,0
2re,19,400,5,PACE,PACE,ci_width,100,100,0,TRUE,0,0,0,0,0,0,0,0,0,0,0,0,0,0,0,0
2re,19,400,5,PACE,PACE,coverage,100,100,0,TRUE,0,0,0,0,0,0,0,0,0,0,0,0,0,0,0,0
2re,19,400,5,PACE,PACE,rmw2,100,100,0,TRUE,0,0,0,0,0,0,0,0,0,0,0,0,0,0,0,0
2re,19,400,5,PACE,PACE,time,100,100,0,TRUE,0,0,0,0,0,0,0,0,0,0,0,0,0,0,0,0
2re,19,400,5,bayesFPCA,bayesFPCA (oracle K),RMISE,100,100,0,TRUE,0,0,0,0,0,0,0,0,0,0,0,0,0,0,0,0
2re,19,400,5,bayesFPCA,bayesFPCA (oracle K),ci_width,100,100,0,TRUE,0,0,0,0,0,0,0,0,0,0,0,0,0,0,0,0
2re,19,400,5,bayesFPCA,bayesFPCA (oracle K),coverage,100,100,0,TRUE,0,0,0,0,0,0,0,0,0,0,0,0,0,0,0,0
2re,19,400,5,bayesFPCA,bayesFPCA (oracle K),rmw2,100,100,0,TRUE,0,0,0,0,0,0,0,0,0,0,0,0,0,0,0,0
2re,19,400,5,bayesFPCA,bayesFPCA (oracle K),time,100,100,0,TRUE,0,0,0,0,0,0,0,0,0,0,0,0,0,0,0,0
2re,23,500,5,AdaStruMM,AdaStruMM,RMISE,100,100,0,TRUE,0,0,0,0,0,0,0,0,0,0,0,0,0,0,0,0
2re,23,500,5,AdaStruMM,AdaStruMM,ci_width,100,100,0,TRUE,0,0,0,0,0,0,0,0,0,0,0,0,0,0,0,0
2re,23,500,5,AdaStruMM,AdaStruMM,coverage,100,100,0,TRUE,0,0,0,0,0,0,0,0,0,0,0,0,0,0,0,0
2re,23,500,5,AdaStruMM,AdaStruMM,rmw2,100,100,0,TRUE,0,0,0,0,0,0,0,0,0,0,0,0,0,0,0,0
2re,23,500,5,AdaStruMM,AdaStruMM,time,100,100,0,TRUE,0,0,0,0,0,0,0,0,0,0,0,0,0,0,0,0
2re,23,500,5,FACE,FACE,RMISE,100,100,0,TRUE,0,0,0,0,0,0,0,0,0,0,0,0,0,0,0,0
2re,23,500,5,FACE,FACE,ci_width,100,100,0,TRUE,0,0,0,0,0,0,0,0,0,0,0,0,0,0,0,0
2re,23,500,5,FACE,FACE,coverage,100,100,0,TRUE,0,0,0,0,0,0,0,0,0,0,0,0,0,0,0,0
2re,23,500,5,FACE,FACE,rmw2,100,100,0,TRUE,0,0,0,0,0,0,0,0,0,0,0,0,0,0,0,0
2re,23,500,5,FACE,FACE,time,100,100,0,TRUE,0,0,0,0,0,0,0,0,0,0,0,0,0,0,0,0
2re,23,500,5,HGAM-GS,HGAM-GS,RMISE,100,100,0,TRUE,0,0,0,0,0,0,0,0,0,0,0,0,0,0,0,0
2re,23,500,5,HGAM-GS,HGAM-GS,ci_width,100,100,0,TRUE,0,0,0,0,0,0,0,0,0,0,0,0,0,0,0,0
2re,23,500,5,HGAM-GS,HGAM-GS,coverage,100,100,0,TRUE,0,0,0,0,0,0,0,0,0,0,0,0,0,0,0,0
2re,23,500,5,HGAM-GS,HGAM-GS,rmw2,100,100,0,TRUE,0,0,0,0,0,0,0,0,0,0,0,0,0,0,0,0
2re,23,500,5,HGAM-GS,HGAM-GS,time,100,100,0,TRUE,0,0,0,0,0,0,0,0,0,0,0,0,0,0,0,0
2re,23,500,5,Local-GAM,Local-GAM,RMISE,100,100,0,TRUE,0,0,0,0,0,0,0,0,0,0,0,0,0,0,0,0
2re,23,500,5,Local-GAM,Local-GAM,ci_width,100,100,0,TRUE,0,0,0,0,0,0,0,0,0,0,0,0,0,0,0,0
2re,23,500,5,Local-GAM,Local-GAM,coverage,100,100,0,TRUE,0,0,0,0,0,0,0,0,0,0,0,0,0,0,0,0
2re,23,500,5,Local-GAM,Local-GAM,rmw2,100,100,0,TRUE,0,0,0,0,0,0,0,0,0,0,0,0,0,0,0,0
2re,23,500,5,Local-GAM,Local-GAM,time,100,100,0,TRUE,0,0,0,0,0,0,0,0,0,0,0,0,0,0,0,0
2re,23,500,5,Oracle-GP,Individual oracle bound,RMISE,100,100,0,TRUE,0,0,0,0,0,0,0,0,0,0,0,0,0,0,0,0
2re,23,500,5,Oracle-GP,Individual oracle bound,ci_width,100,100,0,TRUE,0,0,0,0,0,0,0,0,0,0,0,0,0,0,0,0
2re,23,500,5,Oracle-GP,Individual oracle bound,coverage,100,100,0,TRUE,0,0,0,0,0,0,0,0,0,0,0,0,0,0,0,0
2re,23,500,5,Oracle-GP,Individual oracle bound,rmw2,100,0,1,FALSE,0,0,0,0,0,0,0,0,0,0,0,0,0,0,0,0
2re,23,500,5,Oracle-GP,Individual oracle bound,time,100,100,0,TRUE,0,0,0,0,0,0,0,0,0,0,0,0,0,0,0,0
2re,23,500,5,PACE,PACE,RMISE,100,100,0,TRUE,0,0,0,0,0,0,0,0,0,0,0,0,0,0,0,0
2re,23,500,5,PACE,PACE,ci_width,100,100,0,TRUE,0,0,0,0,0,0,0,0,0,0,0,0,0,0,0,0
2re,23,500,5,PACE,PACE,coverage,100,100,0,TRUE,0,0,0,0,0,0,0,0,0,0,0,0,0,0,0,0
2re,23,500,5,PACE,PACE,rmw2,100,100,0,TRUE,0,0,0,0,0,0,0,0,0,0,0,0,0,0,0,0
2re,23,500,5,PACE,PACE,time,100,100,0,TRUE,0,0,0,0,0,0,0,0,0,0,0,0,0,0,0,0
2re,4,50,10,AdaStruMM,AdaStruMM,RMISE,100,100,0,TRUE,0,0,0,0,0,0,0,0,0,0,0,0,0,0,0,0
2re,4,50,10,AdaStruMM,AdaStruMM,ci_width,100,100,0,TRUE,0,0,0,0,0,0,0,0,0,0,0,0,0,0,0,0
2re,4,50,10,AdaStruMM,AdaStruMM,coverage,100,100,0,TRUE,0,0,0,0,0,0,0,0,0,0,0,0,0,0,0,0
2re,4,50,10,AdaStruMM,AdaStruMM,rmw2,100,100,0,TRUE,0,0,0,0,0,0,0,0,0,0,0,0,0,0,0,0
2re,4,50,10,AdaStruMM,AdaStruMM,time,100,100,0,TRUE,0,0,0,0,0,0,0,0,0,0,0,0,0,0,0,0
2re,4,50,10,FACE,FACE,RMISE,100,100,0,TRUE,0,0,0,0,0,0,0,0,0,0,0,0,0,0,0,0
2re,4,50,10,FACE,FACE,ci_width,100,100,0,TRUE,0,0,0,0,0,0,0,0,0,0,0,0,0,0,0,0
2re,4,50,10,FACE,FACE,coverage,100,100,0,TRUE,0,0,0,0,0,0,0,0,0,0,0,0,0,0,0,0
2re,4,50,10,FACE,FACE,rmw2,100,100,0,TRUE,0,0,0,0,0,0,0,0,0,0,0,0,0,0,0,0
2re,4,50,10,FACE,FACE,time,100,100,0,TRUE,0,0,0,0,0,0,0,0,0,0,0,0,0,0,0,0
2re,4,50,10,HGAM-GS,HGAM-GS,RMISE,100,100,0,TRUE,0,0,0,0,0,0,0,0,0,0,0,0,0,0,0,0
2re,4,50,10,HGAM-GS,HGAM-GS,ci_width,100,100,0,TRUE,0,0,0,0,0,0,0,0,0,0,0,0,0,0,0,0
2re,4,50,10,HGAM-GS,HGAM-GS,coverage,100,100,0,TRUE,0,0,0,0,0,0,0,0,0,0,0,0,0,0,0,0
2re,4,50,10,HGAM-GS,HGAM-GS,rmw2,100,100,0,TRUE,0,0,0,0,0,0,0,0,0,0,0,0,0,0,0,0
2re,4,50,10,HGAM-GS,HGAM-GS,time,100,100,0,TRUE,0,0,0,0,0,0,0,0,0,0,0,0,0,0,0,0
2re,4,50,10,Local-GAM,Local-GAM,RMISE,100,100,0,TRUE,0,0,0,0,0,0,0,0,0,0,0,0,0,0,0,0
2re,4,50,10,Local-GAM,Local-GAM,ci_width,100,100,0,TRUE,0,0,0,0,0,0,0,0,0,0,0,0,0,0,0,0
2re,4,50,10,Local-GAM,Local-GAM,coverage,100,100,0,TRUE,0,0,0,0,0,0,0,0,0,0,0,0,0,0,0,0
2re,4,50,10,Local-GAM,Local-GAM,rmw2,100,100,0,TRUE,0,0,0,0,0,0,0,0,0,0,0,0,0,0,0,0
2re,4,50,10,Local-GAM,Local-GAM,time,100,100,0,TRUE,0,0,0,0,0,0,0,0,0,0,0,0,0,0,0,0
2re,4,50,10,Oracle-GP,Individual oracle bound,RMISE,100,100,0,TRUE,0,0,0,0,0,0,0,0,0,0,0,0,0,0,0,0
2re,4,50,10,Oracle-GP,Individual oracle bound,ci_width,100,100,0,TRUE,0,0,0,0,0,0,0,0,0,0,0,0,0,0,0,0
2re,4,50,10,Oracle-GP,Individual oracle bound,coverage,100,100,0,TRUE,0,0,0,0,0,0,0,0,0,0,0,0,0,0,0,0
2re,4,50,10,Oracle-GP,Individual oracle bound,rmw2,100,0,1,FALSE,0,0,0,0,0,0,0,0,0,0,0,0,0,0,0,0
2re,4,50,10,Oracle-GP,Individual oracle bound,time,100,100,0,TRUE,0,0,0,0,0,0,0,0,0,0,0,0,0,0,0,0
2re,4,50,10,PACE,PACE,RMISE,100,100,0,TRUE,0,0,0,0,0,0,0,0,0,0,0,0,0,0,0,0
2re,4,50,10,PACE,PACE,ci_width,100,100,0,TRUE,0,0,0,0,0,0,0,0,0,0,0,0,0,0,0,0
2re,4,50,10,PACE,PACE,coverage,100,100,0,TRUE,0,0,0,0,0,0,0,0,0,0,0,0,0,0,0,0
2re,4,50,10,PACE,PACE,rmw2,100,100,0,TRUE,0,0,0,0,0,0,0,0,0,0,0,0,0,0,0,0
2re,4,50,10,PACE,PACE,time,100,100,0,TRUE,0,0,0,0,0,0,0,0,0,0,0,0,0,0,0,0
2re,4,50,10,bayesFPCA,bayesFPCA (oracle K),RMISE,100,100,0,TRUE,0,0,0,0,0,0,0,0,0,0,0,0,0,0,0,0
2re,4,50,10,bayesFPCA,bayesFPCA (oracle K),ci_width,100,100,0,TRUE,0,0,0,0,0,0,0,0,0,0,0,0,0,0,0,0
2re,4,50,10,bayesFPCA,bayesFPCA (oracle K),coverage,100,100,0,TRUE,0,0,0,0,0,0,0,0,0,0,0,0,0,0,0,0
2re,4,50,10,bayesFPCA,bayesFPCA (oracle K),rmw2,100,100,0,TRUE,0,0,0,0,0,0,0,0,0,0,0,0,0,0,0,0
2re,4,50,10,bayesFPCA,bayesFPCA (oracle K),time,100,100,0,TRUE,0,0,0,0,0,0,0,0,0,0,0,0,0,0,0,0
2re,8,100,10,AdaStruMM,AdaStruMM,RMISE,100,100,0,TRUE,0,0,0,0,0,0,0,0,0,0,0,0,0,0,0,0
2re,8,100,10,AdaStruMM,AdaStruMM,ci_width,100,100,0,TRUE,0,0,0,0,0,0,0,0,0,0,0,0,0,0,0,0
2re,8,100,10,AdaStruMM,AdaStruMM,coverage,100,100,0,TRUE,0,0,0,0,0,0,0,0,0,0,0,0,0,0,0,0
2re,8,100,10,AdaStruMM,AdaStruMM,rmw2,100,100,0,TRUE,0,0,0,0,0,0,0,0,0,0,0,0,0,0,0,0
2re,8,100,10,AdaStruMM,AdaStruMM,time,100,100,0,TRUE,0,0,0,0,0,0,0,0,0,0,0,0,0,0,0,0
2re,8,100,10,FACE,FACE,RMISE,100,100,0,TRUE,0,0,0,0,0,0,0,0,0,0,0,0,0,0,0,0
2re,8,100,10,FACE,FACE,ci_width,100,100,0,TRUE,0,0,0,0,0,0,0,0,0,0,0,0,0,0,0,0
2re,8,100,10,FACE,FACE,coverage,100,100,0,TRUE,0,0,0,0,0,0,0,0,0,0,0,0,0,0,0,0
2re,8,100,10,FACE,FACE,rmw2,100,100,0,TRUE,0,0,0,0,0,0,0,0,0,0,0,0,0,0,0,0
2re,8,100,10,FACE,FACE,time,100,100,0,TRUE,0,0,0,0,0,0,0,0,0,0,0,0,0,0,0,0
2re,8,100,10,HGAM-GS,HGAM-GS,RMISE,100,100,0,TRUE,0,0,0,0,0,0,0,0,0,0,0,0,0,0,0,0
2re,8,100,10,HGAM-GS,HGAM-GS,ci_width,100,100,0,TRUE,0,0,0,0,0,0,0,0,0,0,0,0,0,0,0,0
2re,8,100,10,HGAM-GS,HGAM-GS,coverage,100,100,0,TRUE,0,0,0,0,0,0,0,0,0,0,0,0,0,0,0,0
2re,8,100,10,HGAM-GS,HGAM-GS,rmw2,100,100,0,TRUE,0,0,0,0,0,0,0,0,0,0,0,0,0,0,0,0
2re,8,100,10,HGAM-GS,HGAM-GS,time,100,100,0,TRUE,0,0,0,0,0,0,0,0,0,0,0,0,0,0,0,0
2re,8,100,10,Local-GAM,Local-GAM,RMISE,100,100,0,TRUE,0,0,0,0,0,0,0,0,0,0,0,0,0,0,0,0
2re,8,100,10,Local-GAM,Local-GAM,ci_width,100,100,0,TRUE,0,0,0,0,0,0,0,0,0,0,0,0,0,0,0,0
2re,8,100,10,Local-GAM,Local-GAM,coverage,100,100,0,TRUE,0,0,0,0,0,0,0,0,0,0,0,0,0,0,0,0
2re,8,100,10,Local-GAM,Local-GAM,rmw2,100,100,0,TRUE,0,0,0,0,0,0,0,0,0,0,0,0,0,0,0,0
2re,8,100,10,Local-GAM,Local-GAM,time,100,100,0,TRUE,0,0,0,0,0,0,0,0,0,0,0,0,0,0,0,0
2re,8,100,10,Oracle-GP,Individual oracle bound,RMISE,100,100,0,TRUE,0,0,0,0,0,0,0,0,0,0,0,0,0,0,0,0
2re,8,100,10,Oracle-GP,Individual oracle bound,ci_width,100,100,0,TRUE,0,0,0,0,0,0,0,0,0,0,0,0,0,0,0,0
2re,8,100,10,Oracle-GP,Individual oracle bound,coverage,100,100,0,TRUE,0,0,0,0,0,0,0,0,0,0,0,0,0,0,0,0
2re,8,100,10,Oracle-GP,Individual oracle bound,rmw2,100,0,1,FALSE,0,0,0,0,0,0,0,0,0,0,0,0,0,0,0,0
2re,8,100,10,Oracle-GP,Individual oracle bound,time,100,100,0,TRUE,0,0,0,0,0,0,0,0,0,0,0,0,0,0,0,0
2re,8,100,10,PACE,PACE,RMISE,100,100,0,TRUE,0,0,0,0,0,0,0,0,0,0,0,0,0,0,0,0
2re,8,100,10,PACE,PACE,ci_width,100,100,0,TRUE,0,0,0,0,0,0,0,0,0,0,0,0,0,0,0,0
2re,8,100,10,PACE,PACE,coverage,100,100,0,TRUE,0,0,0,0,0,0,0,0,0,0,0,0,0,0,0,0
2re,8,100,10,PACE,PACE,rmw2,100,100,0,TRUE,0,0,0,0,0,0,0,0,0,0,0,0,0,0,0,0
2re,8,100,10,PACE,PACE,time,100,100,0,TRUE,0,0,0,0,0,0,0,0,0,0,0,0,0,0,0,0
2re,8,100,10,bayesFPCA,bayesFPCA (oracle K),RMISE,100,100,0,TRUE,0,0,0,0,0,0,0,0,0,0,0,0,0,0,0,0
2re,8,100,10,bayesFPCA,bayesFPCA (oracle K),ci_width,100,100,0,TRUE,0,0,0,0,0,0,0,0,0,0,0,0,0,0,0,0
2re,8,100,10,bayesFPCA,bayesFPCA (oracle K),coverage,100,100,0,TRUE,0,0,0,0,0,0,0,0,0,0,0,0,0,0,0,0
2re,8,100,10,bayesFPCA,bayesFPCA (oracle K),rmw2,100,100,0,TRUE,0,0,0,0,0,0,0,0,0,0,0,0,0,0,0,0
2re,8,100,10,bayesFPCA,bayesFPCA (oracle K),time,100,100,0,TRUE,0,0,0,0,0,0,0,0,0,0,0,0,0,0,0,0
2re,12,200,10,AdaStruMM,AdaStruMM,RMISE,100,100,0,TRUE,0,0,0,0,0,0,0,0,0,0,0,0,0,0,0,0
2re,12,200,10,AdaStruMM,AdaStruMM,ci_width,100,100,0,TRUE,0,0,0,0,0,0,0,0,0,0,0,0,0,0,0,0
2re,12,200,10,AdaStruMM,AdaStruMM,coverage,100,100,0,TRUE,0,0,0,0,0,0,0,0,0,0,0,0,0,0,0,0
2re,12,200,10,AdaStruMM,AdaStruMM,rmw2,100,100,0,TRUE,0,0,0,0,0,0,0,0,0,0,0,0,0,0,0,0
2re,12,200,10,AdaStruMM,AdaStruMM,time,100,100,0,TRUE,0,0,0,0,0,0,0,0,0,0,0,0,0,0,0,0
2re,12,200,10,FACE,FACE,RMISE,100,100,0,TRUE,0,0,0,0,0,0,0,0,0,0,0,0,0,0,0,0
2re,12,200,10,FACE,FACE,ci_width,100,100,0,TRUE,0,0,0,0,0,0,0,0,0,0,0,0,0,0,0,0
2re,12,200,10,FACE,FACE,coverage,100,100,0,TRUE,0,0,0,0,0,0,0,0,0,0,0,0,0,0,0,0
2re,12,200,10,FACE,FACE,rmw2,100,100,0,TRUE,0,0,0,0,0,0,0,0,0,0,0,0,0,0,0,0
2re,12,200,10,FACE,FACE,time,100,100,0,TRUE,0,0,0,0,0,0,0,0,0,0,0,0,0,0,0,0
2re,12,200,10,HGAM-GS,HGAM-GS,RMISE,100,100,0,TRUE,0,0,0,0,0,0,0,0,0,0,0,0,0,0,0,0
2re,12,200,10,HGAM-GS,HGAM-GS,ci_width,100,100,0,TRUE,0,0,0,0,0,0,0,0,0,0,0,0,0,0,0,0
2re,12,200,10,HGAM-GS,HGAM-GS,coverage,100,100,0,TRUE,0,0,0,0,0,0,0,0,0,0,0,0,0,0,0,0
2re,12,200,10,HGAM-GS,HGAM-GS,rmw2,100,100,0,TRUE,0,0,0,0,0,0,0,0,0,0,0,0,0,0,0,0
2re,12,200,10,HGAM-GS,HGAM-GS,time,100,100,0,TRUE,0,0,0,0,0,0,0,0,0,0,0,0,0,0,0,0
2re,12,200,10,Local-GAM,Local-GAM,RMISE,100,100,0,TRUE,0,0,0,0,0,0,0,0,0,0,0,0,0,0,0,0
2re,12,200,10,Local-GAM,Local-GAM,ci_width,100,100,0,TRUE,0,0,0,0,0,0,0,0,0,0,0,0,0,0,0,0
2re,12,200,10,Local-GAM,Local-GAM,coverage,100,100,0,TRUE,0,0,0,0,0,0,0,0,0,0,0,0,0,0,0,0
2re,12,200,10,Local-GAM,Local-GAM,rmw2,100,100,0,TRUE,0,0,0,0,0,0,0,0,0,0,0,0,0,0,0,0
2re,12,200,10,Local-GAM,Local-GAM,time,100,100,0,TRUE,0,0,0,0,0,0,0,0,0,0,0,0,0,0,0,0
2re,12,200,10,Oracle-GP,Individual oracle bound,RMISE,100,100,0,TRUE,0,0,0,0,0,0,0,0,0,0,0,0,0,0,0,0
2re,12,200,10,Oracle-GP,Individual oracle bound,ci_width,100,100,0,TRUE,0,0,0,0,0,0,0,0,0,0,0,0,0,0,0,0
2re,12,200,10,Oracle-GP,Individual oracle bound,coverage,100,100,0,TRUE,0,0,0,0,0,0,0,0,0,0,0,0,0,0,0,0
2re,12,200,10,Oracle-GP,Individual oracle bound,rmw2,100,0,1,FALSE,0,0,0,0,0,0,0,0,0,0,0,0,0,0,0,0
2re,12,200,10,Oracle-GP,Individual oracle bound,time,100,100,0,TRUE,0,0,0,0,0,0,0,0,0,0,0,0,0,0,0,0
2re,12,200,10,PACE,PACE,RMISE,100,100,0,TRUE,0,0,0,0,0,0,0,0,0,0,0,0,0,0,0,0
2re,12,200,10,PACE,PACE,ci_width,100,100,0,TRUE,0,0,0,0,0,0,0,0,0,0,0,0,0,0,0,0
2re,12,200,10,PACE,PACE,coverage,100,100,0,TRUE,0,0,0,0,0,0,0,0,0,0,0,0,0,0,0,0
2re,12,200,10,PACE,PACE,rmw2,100,100,0,TRUE,0,0,0,0,0,0,0,0,0,0,0,0,0,0,0,0
2re,12,200,10,PACE,PACE,time,100,100,0,TRUE,0,0,0,0,0,0,0,0,0,0,0,0,0,0,0,0
2re,12,200,10,bayesFPCA,bayesFPCA (oracle K),RMISE,100,100,0,TRUE,0,0,0,0,0,0,0,0,0,0,0,0,0,0,0,0
2re,12,200,10,bayesFPCA,bayesFPCA (oracle K),ci_width,100,100,0,TRUE,0,0,0,0,0,0,0,0,0,0,0,0,0,0,0,0
2re,12,200,10,bayesFPCA,bayesFPCA (oracle K),coverage,100,100,0,TRUE,0,0,0,0,0,0,0,0,0,0,0,0,0,0,0,0
2re,12,200,10,bayesFPCA,bayesFPCA (oracle K),rmw2,100,100,0,TRUE,0,0,0,0,0,0,0,0,0,0,0,0,0,0,0,0
2re,12,200,10,bayesFPCA,bayesFPCA (oracle K),time,100,100,0,TRUE,0,0,0,0,0,0,0,0,0,0,0,0,0,0,0,0
2re,16,300,10,AdaStruMM,AdaStruMM,RMISE,100,100,0,TRUE,0,0,0,0,0,0,0,0,0,0,0,0,0,0,0,0
2re,16,300,10,AdaStruMM,AdaStruMM,ci_width,100,100,0,TRUE,0,0,0,0,0,0,0,0,0,0,0,0,0,0,0,0
2re,16,300,10,AdaStruMM,AdaStruMM,coverage,100,100,0,TRUE,0,0,0,0,0,0,0,0,0,0,0,0,0,0,0,0
2re,16,300,10,AdaStruMM,AdaStruMM,rmw2,100,100,0,TRUE,0,0,0,0,0,0,0,0,0,0,0,0,0,0,0,0
2re,16,300,10,AdaStruMM,AdaStruMM,time,100,100,0,TRUE,0,0,0,0,0,0,0,0,0,0,0,0,0,0,0,0
2re,16,300,10,FACE,FACE,RMISE,100,100,0,TRUE,0,0,0,0,0,0,0,0,0,0,0,0,0,0,0,0
2re,16,300,10,FACE,FACE,ci_width,100,100,0,TRUE,0,0,0,0,0,0,0,0,0,0,0,0,0,0,0,0
2re,16,300,10,FACE,FACE,coverage,100,100,0,TRUE,0,0,0,0,0,0,0,0,0,0,0,0,0,0,0,0
2re,16,300,10,FACE,FACE,rmw2,100,100,0,TRUE,0,0,0,0,0,0,0,0,0,0,0,0,0,0,0,0
2re,16,300,10,FACE,FACE,time,100,100,0,TRUE,0,0,0,0,0,0,0,0,0,0,0,0,0,0,0,0
2re,16,300,10,HGAM-GS,HGAM-GS,RMISE,100,100,0,TRUE,0,0,0,0,0,0,0,0,0,0,0,0,0,0,0,0
2re,16,300,10,HGAM-GS,HGAM-GS,ci_width,100,100,0,TRUE,0,0,0,0,0,0,0,0,0,0,0,0,0,0,0,0
2re,16,300,10,HGAM-GS,HGAM-GS,coverage,100,100,0,TRUE,0,0,0,0,0,0,0,0,0,0,0,0,0,0,0,0
2re,16,300,10,HGAM-GS,HGAM-GS,rmw2,100,100,0,TRUE,0,0,0,0,0,0,0,0,0,0,0,0,0,0,0,0
2re,16,300,10,HGAM-GS,HGAM-GS,time,100,100,0,TRUE,0,0,0,0,0,0,0,0,0,0,0,0,0,0,0,0
2re,16,300,10,Local-GAM,Local-GAM,RMISE,100,100,0,TRUE,0,0,0,0,0,0,0,0,0,0,0,0,0,0,0,0
2re,16,300,10,Local-GAM,Local-GAM,ci_width,100,100,0,TRUE,0,0,0,0,0,0,0,0,0,0,0,0,0,0,0,0
2re,16,300,10,Local-GAM,Local-GAM,coverage,100,100,0,TRUE,0,0,0,0,0,0,0,0,0,0,0,0,0,0,0,0
2re,16,300,10,Local-GAM,Local-GAM,rmw2,100,100,0,TRUE,0,0,0,0,0,0,0,0,0,0,0,0,0,0,0,0
2re,16,300,10,Local-GAM,Local-GAM,time,100,100,0,TRUE,0,0,0,0,0,0,0,0,0,0,0,0,0,0,0,0
2re,16,300,10,Oracle-GP,Individual oracle bound,RMISE,100,100,0,TRUE,0,0,0,0,0,0,0,0,0,0,0,0,0,0,0,0
2re,16,300,10,Oracle-GP,Individual oracle bound,ci_width,100,100,0,TRUE,0,0,0,0,0,0,0,0,0,0,0,0,0,0,0,0
2re,16,300,10,Oracle-GP,Individual oracle bound,coverage,100,100,0,TRUE,0,0,0,0,0,0,0,0,0,0,0,0,0,0,0,0
2re,16,300,10,Oracle-GP,Individual oracle bound,rmw2,100,0,1,FALSE,0,0,0,0,0,0,0,0,0,0,0,0,0,0,0,0
2re,16,300,10,Oracle-GP,Individual oracle bound,time,100,100,0,TRUE,0,0,0,0,0,0,0,0,0,0,0,0,0,0,0,0
2re,16,300,10,PACE,PACE,RMISE,100,100,0,TRUE,0,0,0,0,0,0,0,0,0,0,0,0,0,0,0,0
2re,16,300,10,PACE,PACE,ci_width,100,100,0,TRUE,0,0,0,0,0,0,0,0,0,0,0,0,0,0,0,0
2re,16,300,10,PACE,PACE,coverage,100,100,0,TRUE,0,0,0,0,0,0,0,0,0,0,0,0,0,0,0,0
2re,16,300,10,PACE,PACE,rmw2,100,100,0,TRUE,0,0,0,0,0,0,0,0,0,0,0,0,0,0,0,0
2re,16,300,10,PACE,PACE,time,100,100,0,TRUE,0,0,0,0,0,0,0,0,0,0,0,0,0,0,0,0
2re,16,300,10,bayesFPCA,bayesFPCA (oracle K),RMISE,100,100,0,TRUE,0,0,0,0,0,0,0,0,0,0,0,0,0,0,0,0
2re,16,300,10,bayesFPCA,bayesFPCA (oracle K),ci_width,100,100,0,TRUE,0,0,0,0,0,0,0,0,0,0,0,0,0,0,0,0
2re,16,300,10,bayesFPCA,bayesFPCA (oracle K),coverage,100,100,0,TRUE,0,0,0,0,0,0,0,0,0,0,0,0,0,0,0,0
2re,16,300,10,bayesFPCA,bayesFPCA (oracle K),rmw2,100,100,0,TRUE,0,0,0,0,0,0,0,0,0,0,0,0,0,0,0,0
2re,16,300,10,bayesFPCA,bayesFPCA (oracle K),time,100,100,0,TRUE,0,0,0,0,0,0,0,0,0,0,0,0,0,0,0,0
2re,20,400,10,AdaStruMM,AdaStruMM,RMISE,100,100,0,TRUE,0,0,0,0,0,0,0,0,0,0,0,0,0,0,0,0
2re,20,400,10,AdaStruMM,AdaStruMM,ci_width,100,100,0,TRUE,0,0,0,0,0,0,0,0,0,0,0,0,0,0,0,0
2re,20,400,10,AdaStruMM,AdaStruMM,coverage,100,100,0,TRUE,0,0,0,0,0,0,0,0,0,0,0,0,0,0,0,0
2re,20,400,10,AdaStruMM,AdaStruMM,rmw2,100,100,0,TRUE,0,0,0,0,0,0,0,0,0,0,0,0,0,0,0,0
2re,20,400,10,AdaStruMM,AdaStruMM,time,100,100,0,TRUE,0,0,0,0,0,0,0,0,0,0,0,0,0,0,0,0
2re,20,400,10,FACE,FACE,RMISE,100,100,0,TRUE,0,0,0,0,0,0,0,0,0,0,0,0,0,0,0,0
2re,20,400,10,FACE,FACE,ci_width,100,100,0,TRUE,0,0,0,0,0,0,0,0,0,0,0,0,0,0,0,0
2re,20,400,10,FACE,FACE,coverage,100,100,0,TRUE,0,0,0,0,0,0,0,0,0,0,0,0,0,0,0,0
2re,20,400,10,FACE,FACE,rmw2,100,100,0,TRUE,0,0,0,0,0,0,0,0,0,0,0,0,0,0,0,0
2re,20,400,10,FACE,FACE,time,100,100,0,TRUE,0,0,0,0,0,0,0,0,0,0,0,0,0,0,0,0
2re,20,400,10,HGAM-GS,HGAM-GS,RMISE,100,100,0,TRUE,0,0,0,0,0,0,0,0,0,0,0,0,0,0,0,0
2re,20,400,10,HGAM-GS,HGAM-GS,ci_width,100,100,0,TRUE,0,0,0,0,0,0,0,0,0,0,0,0,0,0,0,0
2re,20,400,10,HGAM-GS,HGAM-GS,coverage,100,100,0,TRUE,0,0,0,0,0,0,0,0,0,0,0,0,0,0,0,0
2re,20,400,10,HGAM-GS,HGAM-GS,rmw2,100,100,0,TRUE,0,0,0,0,0,0,0,0,0,0,0,0,0,0,0,0
2re,20,400,10,HGAM-GS,HGAM-GS,time,100,100,0,TRUE,0,0,0,0,0,0,0,0,0,0,0,0,0,0,0,0
2re,20,400,10,Local-GAM,Local-GAM,RMISE,100,100,0,TRUE,0,0,0,0,0,0,0,0,0,0,0,0,0,0,0,0
2re,20,400,10,Local-GAM,Local-GAM,ci_width,100,100,0,TRUE,0,0,0,0,0,0,0,0,0,0,0,0,0,0,0,0
2re,20,400,10,Local-GAM,Local-GAM,coverage,100,100,0,TRUE,0,0,0,0,0,0,0,0,0,0,0,0,0,0,0,0
2re,20,400,10,Local-GAM,Local-GAM,rmw2,100,100,0,TRUE,0,0,0,0,0,0,0,0,0,0,0,0,0,0,0,0
2re,20,400,10,Local-GAM,Local-GAM,time,100,100,0,TRUE,0,0,0,0,0,0,0,0,0,0,0,0,0,0,0,0
2re,20,400,10,Oracle-GP,Individual oracle bound,RMISE,100,100,0,TRUE,0,0,0,0,0,0,0,0,0,0,0,0,0,0,0,0
2re,20,400,10,Oracle-GP,Individual oracle bound,ci_width,100,100,0,TRUE,0,0,0,0,0,0,0,0,0,0,0,0,0,0,0,0
2re,20,400,10,Oracle-GP,Individual oracle bound,coverage,100,100,0,TRUE,0,0,0,0,0,0,0,0,0,0,0,0,0,0,0,0
2re,20,400,10,Oracle-GP,Individual oracle bound,rmw2,100,0,1,FALSE,0,0,0,0,0,0,0,0,0,0,0,0,0,0,0,0
2re,20,400,10,Oracle-GP,Individual oracle bound,time,100,100,0,TRUE,0,0,0,0,0,0,0,0,0,0,0,0,0,0,0,0
2re,20,400,10,PACE,PACE,RMISE,100,100,0,TRUE,0,0,0,0,0,0,0,0,0,0,0,0,0,0,0,0
2re,20,400,10,PACE,PACE,ci_width,100,100,0,TRUE,0,0,0,0,0,0,0,0,0,0,0,0,0,0,0,0
2re,20,400,10,PACE,PACE,coverage,100,100,0,TRUE,0,0,0,0,0,0,0,0,0,0,0,0,0,0,0,0
2re,20,400,10,PACE,PACE,rmw2,100,100,0,TRUE,0,0,0,0,0,0,0,0,0,0,0,0,0,0,0,0
2re,20,400,10,PACE,PACE,time,100,100,0,TRUE,0,0,0,0,0,0,0,0,0,0,0,0,0,0,0,0
2re,20,400,10,bayesFPCA,bayesFPCA (oracle K),RMISE,100,100,0,TRUE,0,0,0,0,0,0,0,0,0,0,0,0,0,0,0,0
2re,20,400,10,bayesFPCA,bayesFPCA (oracle K),ci_width,100,100,0,TRUE,0,0,0,0,0,0,0,0,0,0,0,0,0,0,0,0
2re,20,400,10,bayesFPCA,bayesFPCA (oracle K),coverage,100,100,0,TRUE,0,0,0,0,0,0,0,0,0,0,0,0,0,0,0,0
2re,20,400,10,bayesFPCA,bayesFPCA (oracle K),rmw2,100,100,0,TRUE,0,0,0,0,0,0,0,0,0,0,0,0,0,0,0,0
2re,20,400,10,bayesFPCA,bayesFPCA (oracle K),time,100,100,0,TRUE,0,0,0,0,0,0,0,0,0,0,0,0,0,0,0,0
2re,24,500,10,AdaStruMM,AdaStruMM,RMISE,100,100,0,TRUE,0,0,0,0,0,0,0,0,0,0,0,0,0,0,0,0
2re,24,500,10,AdaStruMM,AdaStruMM,ci_width,100,100,0,TRUE,0,0,0,0,0,0,0,0,0,0,0,0,0,0,0,0
2re,24,500,10,AdaStruMM,AdaStruMM,coverage,100,100,0,TRUE,0,0,0,0,0,0,0,0,0,0,0,0,0,0,0,0
2re,24,500,10,AdaStruMM,AdaStruMM,rmw2,100,100,0,TRUE,0,0,0,0,0,0,0,0,0,0,0,0,0,0,0,0
2re,24,500,10,AdaStruMM,AdaStruMM,time,100,100,0,TRUE,0,0,0,0,0,0,0,0,0,0,0,0,0,0,0,0
2re,24,500,10,FACE,FACE,RMISE,100,100,0,TRUE,0,0,0,0,0,0,0,0,0,0,0,0,0,0,0,0
2re,24,500,10,FACE,FACE,ci_width,100,100,0,TRUE,0,0,0,0,0,0,0,0,0,0,0,0,0,0,0,0
2re,24,500,10,FACE,FACE,coverage,100,100,0,TRUE,0,0,0,0,0,0,0,0,0,0,0,0,0,0,0,0
2re,24,500,10,FACE,FACE,rmw2,100,100,0,TRUE,0,0,0,0,0,0,0,0,0,0,0,0,0,0,0,0
2re,24,500,10,FACE,FACE,time,100,100,0,TRUE,0,0,0,0,0,0,0,0,0,0,0,0,0,0,0,0
2re,24,500,10,HGAM-GS,HGAM-GS,RMISE,100,100,0,TRUE,0,0,0,0,0,0,0,0,0,0,0,0,0,0,0,0
2re,24,500,10,HGAM-GS,HGAM-GS,ci_width,100,100,0,TRUE,0,0,0,0,0,0,0,0,0,0,0,0,0,0,0,0
2re,24,500,10,HGAM-GS,HGAM-GS,coverage,100,100,0,TRUE,0,0,0,0,0,0,0,0,0,0,0,0,0,0,0,0
2re,24,500,10,HGAM-GS,HGAM-GS,rmw2,100,100,0,TRUE,0,0,0,0,0,0,0,0,0,0,0,0,0,0,0,0
2re,24,500,10,HGAM-GS,HGAM-GS,time,100,100,0,TRUE,0,0,0,0,0,0,0,0,0,0,0,0,0,0,0,0
2re,24,500,10,Local-GAM,Local-GAM,RMISE,100,100,0,TRUE,0,0,0,0,0,0,0,0,0,0,0,0,0,0,0,0
2re,24,500,10,Local-GAM,Local-GAM,ci_width,100,100,0,TRUE,0,0,0,0,0,0,0,0,0,0,0,0,0,0,0,0
2re,24,500,10,Local-GAM,Local-GAM,coverage,100,100,0,TRUE,0,0,0,0,0,0,0,0,0,0,0,0,0,0,0,0
2re,24,500,10,Local-GAM,Local-GAM,rmw2,100,100,0,TRUE,0,0,0,0,0,0,0,0,0,0,0,0,0,0,0,0
2re,24,500,10,Local-GAM,Local-GAM,time,100,100,0,TRUE,0,0,0,0,0,0,0,0,0,0,0,0,0,0,0,0
2re,24,500,10,Oracle-GP,Individual oracle bound,RMISE,100,100,0,TRUE,0,0,0,0,0,0,0,0,0,0,0,0,0,0,0,0
2re,24,500,10,Oracle-GP,Individual oracle bound,ci_width,100,100,0,TRUE,0,0,0,0,0,0,0,0,0,0,0,0,0,0,0,0
2re,24,500,10,Oracle-GP,Individual oracle bound,coverage,100,100,0,TRUE,0,0,0,0,0,0,0,0,0,0,0,0,0,0,0,0
2re,24,500,10,Oracle-GP,Individual oracle bound,rmw2,100,0,1,FALSE,0,0,0,0,0,0,0,0,0,0,0,0,0,0,0,0
2re,24,500,10,Oracle-GP,Individual oracle bound,time,100,100,0,TRUE,0,0,0,0,0,0,0,0,0,0,0,0,0,0,0,0
2re,24,500,10,PACE,PACE,RMISE,100,100,0,TRUE,0,0,0,0,0,0,0,0,0,0,0,0,0,0,0,0
2re,24,500,10,PACE,PACE,ci_width,100,100,0,TRUE,0,0,0,0,0,0,0,0,0,0,0,0,0,0,0,0
2re,24,500,10,PACE,PACE,coverage,100,100,0,TRUE,0,0,0,0,0,0,0,0,0,0,0,0,0,0,0,0
2re,24,500,10,PACE,PACE,rmw2,100,100,0,TRUE,0,0,0,0,0,0,0,0,0,0,0,0,0,0,0,0
2re,24,500,10,PACE,PACE,time,100,100,0,TRUE,0,0,0,0,0,0,0,0,0,0,0,0,0,0,0,0
2re,24,500,10,bayesFPCA,bayesFPCA (oracle K),RMISE,100,100,0,TRUE,0,0,0,0,0,0,0,0,0,0,0,0,0,0,0,0
2re,24,500,10,bayesFPCA,bayesFPCA (oracle K),ci_width,100,100,0,TRUE,0,0,0,0,0,0,0,0,0,0,0,0,0,0,0,0
2re,24,500,10,bayesFPCA,bayesFPCA (oracle K),coverage,100,100,0,TRUE,0,0,0,0,0,0,0,0,0,0,0,0,0,0,0,0
2re,24,500,10,bayesFPCA,bayesFPCA (oracle K),rmw2,100,100,0,TRUE,0,0,0,0,0,0,0,0,0,0,0,0,0,0,0,0
2re,24,500,10,bayesFPCA,bayesFPCA (oracle K),time,100,100,0,TRUE,0,0,0,0,0,0,0,0,0,0,0,0,0,0,0,0
